time,g_x,g_y,g_z,a_x,a_y,a_z
05-18-2020_14-57-15,-7.334001268999999,-2.4478575198,-5.3814580274,-0.046875,-0.1953125,0.625
05-18-2020_14-57-15,-7.3746792532,-2.4430718745999997,-5.391029317799999,0.2109375,-0.2109375,0.4296875
05-18-2020_14-57-15,-7.3268228012,-2.4358934068,-5.3814580274,0.078125,0.3984375,-0.1484375
05-18-2020_14-57-16,-7.3531438497999995,-2.4263221163999997,-5.359922623999999,-0.109375,-0.234375,0.359375
05-18-2020_14-57-16,-7.357929495,-2.4430718745999997,-5.3694939144,-0.1015625,-0.3984375,0.671875
05-18-2020_14-57-16,-7.3387869142,-2.4311077616,-5.364708269199999,-0.109375,0.1796875,0.53125
05-18-2020_14-57-16,-7.350751027199999,-2.4239292938,-5.3336015754,-0.5546875,-0.359375,0.2265625
05-18-2020_14-57-16,-7.348358204599999,-2.4382862293999996,-5.395814963,-0.015625,0.1484375,0.1171875
05-18-2020_14-57-16,-7.343572559399999,-2.4550359876,-5.3766723822,0.0546875,0.0625,0.359375
05-18-2020_14-57-16,-7.4560352216,-2.5387847785999997,-5.3431728658,0.0625,-0.109375,0.484375
05-18-2020_14-57-16,-7.451249576399999,-2.5483560689999996,-5.4723852862,-0.109375,0.28125,0.1484375
05-18-2020_14-57-16,-7.343572559399999,-2.4741785684,-5.422136011599999,0.0546875,0.390625,0.1015625
05-18-2020_14-57-17,-7.3770720758,-2.5339991334,-5.4149575438,-0.4296875,-0.3359375,0.7421875
05-18-2020_14-57-17,-7.345965381999999,-2.4335005842,-5.350351333599999,-0.234375,0.2109375,0.4296875
05-18-2020_14-57-17,-7.369893607999999,-2.4717857457999997,-5.3671010917999995,-0.21875,0.3203125,0.3046875
05-18-2020_14-57-17,-7.384250543599999,-2.4406790519999997,-5.3168518172,-0.0859375,-0.4609375,0.8203125
05-18-2020_14-57-17,-7.372286430599999,-2.4335005842,-5.3431728658,0.3828125,0.6328125,0.3125
05-18-2020_14-57-17,-7.367500785399999,-2.3497517932,-5.386243672599999,-0.25,0.1484375,-0.0078125
05-18-2020_14-57-17,-7.3651079628,-2.5435704238,-5.529813028599999,0.625,1.265625,-0.6796875
05-18-2020_14-57-17,-7.331608446399999,-2.4478575198,-5.4006006081999995,0.1953125,0.7578125,0.0390625
05-18-2020_14-57-18,-7.3603223176,-2.4119651807999998,-5.395814963,0.171875,0.0234375,0.5703125
05-18-2020_14-57-18,-7.3890361888,-2.3712871966,-5.352744156199999,-0.515625,-1.0,0.9375
05-18-2020_14-57-18,-7.3746792532,-2.4741785684,-5.3407800432,-0.1171875,0.0703125,0.4453125
05-18-2020_14-57-18,-7.3387869142,-2.4502503424,-5.352744156199999,0.28125,0.203125,0.1171875
05-18-2020_14-57-18,-7.3651079628,-2.4526431649999996,-5.347958510999999,-0.4609375,0.015625,0.421875
05-18-2020_14-57-18,-7.345965381999999,-2.4406790519999997,-5.3694939144,-0.21875,0.03125,0.328125
05-18-2020_14-57-18,-7.3531438497999995,-2.4358934068,-5.3431728658,-0.0703125,-0.0078125,0.2734375
05-18-2020_14-57-18,-7.355536672399999,-2.4430718745999997,-5.3575298014,-0.0859375,0.171875,0.421875
05-18-2020_14-57-18,-7.348358204599999,-2.3425733254,-5.4341001246,0.015625,-0.109375,0.4296875
05-18-2020_14-57-19,-7.3244299786,-2.7613172803999997,-5.3048877041999996,0.71875,0.578125,0.4296875
05-18-2020_14-57-19,-7.281359171799999,-2.4598216327999998,-5.422136011599999,-0.9375,-0.4921875,-0.8671875
05-18-2020_14-57-19,-7.410571592199999,-2.4478575198,-5.620740287399999,0.375,2.1953125,-1.4375
05-18-2020_14-57-19,-7.348358204599999,-2.3306092123999997,-5.3790652048,-0.4609375,-0.078125,0.3671875
05-18-2020_14-57-19,-7.3363940916,-2.5052852621999997,-5.3766723822,0.078125,0.5859375,0.0
05-18-2020_14-57-19,-7.357929495,-2.380858487,-5.412564721199999,-0.265625,-0.234375,0.5859375
05-18-2020_14-57-19,-7.355536672399999,-2.4717857457999997,-5.347958510999999,-0.2109375,-0.296875,0.359375
05-18-2020_14-57-19,-7.343572559399999,-2.4550359876,-5.347958510999999,-0.3359375,-0.0546875,0.6875
05-18-2020_14-57-19,-7.3531438497999995,-2.4454646972,-5.362315446599999,0.0,-0.171875,0.6328125
05-18-2020_14-57-20,-7.355536672399999,-2.4622144554000003,-5.3551369788,-0.2421875,0.0546875,0.1953125
05-18-2020_14-57-20,-7.345965381999999,-2.4430718745999997,-5.3551369788,0.015625,0.2265625,0.453125
05-18-2020_14-57-20,-7.348358204599999,-2.4598216327999998,-5.374279559599999,0.1171875,-0.4765625,0.6953125
05-18-2020_14-57-20,-7.345965381999999,-2.4478575198,-5.3407800432,-0.09375,-0.0078125,0.578125
05-18-2020_14-57-20,-7.348358204599999,-2.428714939,-5.3814580274,-0.2734375,-0.3203125,0.359375
05-18-2020_14-57-20,-7.355536672399999,-2.4598216327999998,-5.3431728658,-0.125,-0.3125,0.6484375
05-18-2020_14-57-20,-7.343572559399999,-2.4358934068,-5.374279559599999,0.078125,0.125,0.0078125
05-18-2020_14-57-20,-7.343572559399999,-2.4335005842,-5.3431728658,0.015625,-0.078125,0.3828125
05-18-2020_14-57-20,-7.3603223176,-2.4335005842,-5.362315446599999,-0.2109375,0.1171875,0.25
05-18-2020_14-57-21,-7.3411797368,-2.4335005842,-5.3431728658,-0.4375,-0.1953125,0.3359375
05-18-2020_14-57-21,-7.3411797368,-2.4598216327999998,-5.352744156199999,-0.2109375,0.171875,0.15625
05-18-2020_14-57-21,-7.345965381999999,-2.4574288101999997,-5.362315446599999,-0.03125,0.2421875,0.171875
05-18-2020_14-57-21,-7.310073042999999,-2.3976082452,-5.2833523008,-0.0703125,0.078125,0.6796875
05-18-2020_14-57-21,-7.350751027199999,-2.4526431649999996,-5.362315446599999,-0.1640625,-0.1484375,0.1875
05-18-2020_14-57-21,-7.350751027199999,-2.4741785684,-5.3814580274,0.046875,0.0,0.4765625
05-18-2020_14-57-21,-7.345965381999999,-2.4670001006,-5.335994397999999,0.0625,-0.2734375,0.2109375
05-18-2020_14-57-21,-7.245466832799999,-2.4717857457999997,-5.3024948815999995,-0.140625,-0.1171875,0.296875
05-18-2020_14-57-22,-7.403393124399999,-2.5004996169999996,-5.419743189,-0.3046875,-0.359375,0.5703125
05-18-2020_14-57-22,-7.355536672399999,-2.4215364712,-5.3766723822,0.296875,0.5390625,0.140625
05-18-2020_14-57-22,-7.3387869142,-2.4358934068,-5.391029317799999,-0.0078125,-0.125,0.1875
05-18-2020_14-57-22,-7.403393124399999,-2.4550359876,-5.3934221404,-0.296875,0.140625,0.4609375
05-18-2020_14-57-22,-7.334001268999999,-2.476571391,-5.38385085,0.1953125,0.0625,0.4140625
05-18-2020_14-57-22,-7.334001268999999,-2.4382862293999996,-5.3551369788,-0.46875,0.0078125,0.2265625
05-18-2020_14-57-22,-7.334001268999999,-2.4670001006,-5.3575298014,-0.5625,0.0546875,0.4296875
05-18-2020_14-57-22,-7.3363940916,-2.4526431649999996,-5.371886736999999,0.0625,-0.3359375,0.390625
05-18-2020_14-57-22,-7.350751027199999,-2.4502503424,-5.328815930199999,-0.28125,0.15625,0.71875
05-18-2020_14-57-23,-7.345965381999999,-2.4837498588,-5.3694939144,0.109375,0.125,0.3515625
05-18-2020_14-57-23,-7.3627151402,-2.4430718745999997,-5.38385085,-0.375,0.15625,0.2890625
05-18-2020_14-57-23,-7.334001268999999,-2.4263221163999997,-5.3575298014,-0.09375,0.140625,0.484375
05-18-2020_14-57-23,-7.367500785399999,-2.4478575198,-5.364708269199999,0.140625,-0.0078125,0.4921875
05-18-2020_14-57-23,-7.350751027199999,-2.4382862293999996,-5.371886736999999,-0.1953125,0.21875,0.2890625
05-18-2020_14-57-23,-7.3363940916,-2.4526431649999996,-5.364708269199999,-0.1171875,0.1328125,0.484375
05-18-2020_14-57-23,-7.3363940916,-2.4622144554000003,-5.3671010917999995,-0.0859375,-0.0078125,0.1953125
05-18-2020_14-57-23,-7.357929495,-2.4454646972,-5.3694939144,0.0390625,-0.1875,0.0703125
05-18-2020_14-57-23,-7.350751027199999,-2.4478575198,-5.364708269199999,0.09375,0.125,0.3359375
05-18-2020_14-57-24,-7.343572559399999,-2.4574288101999997,-5.359922623999999,0.015625,-0.125,0.6328125
05-18-2020_14-57-24,-7.334001268999999,-2.4382862293999996,-5.3575298014,-0.078125,-0.046875,0.4140625
05-18-2020_14-57-24,-7.372286430599999,-2.4574288101999997,-5.359922623999999,-0.0546875,0.015625,0.2109375
05-18-2020_14-57-24,-7.369893607999999,-2.4622144554000003,-5.352744156199999,-0.296875,0.0078125,0.1875
05-18-2020_14-57-24,-7.348358204599999,-2.4430718745999997,-5.3694939144,0.203125,0.171875,0.2109375
05-18-2020_14-57-24,-7.3411797368,-2.4358934068,-5.3551369788,0.0546875,-0.0390625,0.5390625
05-18-2020_14-57-24,-7.3387869142,-2.3928225999999997,-5.331208752799999,-0.0390625,-0.203125,-0.125
05-18-2020_14-57-24,-7.3292156238,-2.4119651807999998,-5.347958510999999,-0.0546875,0.2109375,0.6015625
05-18-2020_14-57-25,-7.3531438497999995,-2.4454646972,-5.3575298014,-0.4296875,-0.1171875,0.515625
05-18-2020_14-57-25,-7.3603223176,-2.4717857457999997,-5.3383872206,-0.0390625,-0.2109375,0.53125
05-18-2020_14-57-25,-7.3603223176,-2.4550359876,-5.3455656884,-0.0078125,0.0625,0.15625
05-18-2020_14-57-25,-7.3531438497999995,-2.4813570361999995,-5.3455656884,-0.46875,0.078125,0.265625
05-18-2020_14-57-25,-7.3172515108,-2.4023938904,-5.3072805268,0.125,-0.0234375,0.1328125
05-18-2020_14-57-25,-7.3363940916,-2.4717857457999997,-5.371886736999999,-0.1015625,0.2265625,-0.0234375
05-18-2020_14-57-25,-7.3770720758,-2.4598216327999998,-5.458028350599999,0.1171875,0.578125,0.125
05-18-2020_14-57-25,-7.310073042999999,-2.3545374384,-5.3551369788,-0.4375,0.1015625,0.390625
05-18-2020_14-57-25,-7.3268228012,-2.4215364712,-5.300102058999999,-0.109375,0.234375,0.234375
05-18-2020_14-57-26,-7.355536672399999,-2.4095723581999997,-5.3407800432,0.0546875,0.2890625,0.5859375
05-18-2020_14-57-26,-7.367500785399999,-2.4478575198,-5.3694939144,0.1796875,0.1171875,0.2734375
05-18-2020_14-57-26,-7.357929495,-2.464607278,-5.326423107599999,-0.21875,0.0546875,0.390625
05-18-2020_14-57-26,-7.3651079628,-2.4502503424,-5.3814580274,-0.03125,0.21875,0.515625
05-18-2020_14-57-26,-7.3220371559999995,-2.4478575198,-5.3814580274,0.09375,0.0390625,0.046875
05-18-2020_14-57-26,-7.3746792532,-2.4478575198,-5.3336015754,-0.0078125,0.0234375,0.1015625
05-18-2020_14-57-26,-7.350751027199999,-2.464607278,-5.3790652048,-0.0859375,-0.0546875,0.2421875
05-18-2020_14-57-26,-7.343572559399999,-2.464607278,-5.3455656884,0.109375,0.1796875,0.6484375
05-18-2020_14-57-26,-7.3627151402,-2.4574288101999997,-5.347958510999999,0.3046875,0.015625,0.15625
05-18-2020_14-57-27,-7.3651079628,-2.4574288101999997,-5.359922623999999,-0.0859375,0.34375,0.34375
05-18-2020_14-57-27,-7.3627151402,-2.4598216327999998,-5.359922623999999,0.3125,-0.0859375,0.2109375
05-18-2020_14-57-27,-7.3531438497999995,-2.4526431649999996,-5.374279559599999,-0.40625,0.1328125,0.15625
05-18-2020_14-57-27,-7.3531438497999995,-2.4622144554000003,-5.3814580274,-0.265625,-0.03125,0.59375
05-18-2020_14-57-27,-7.3627151402,-2.4693929231999996,-5.359922623999999,-0.625,0.03125,0.3125
05-18-2020_14-57-27,-7.477570624999999,-2.4861426814,-5.4029934308,-0.03125,0.296875,0.4609375
05-18-2020_14-57-27,-7.3411797368,-2.4239292938,-5.362315446599999,-0.234375,0.1796875,0.34375
05-18-2020_14-57-27,-7.334001268999999,-2.4837498588,-5.3192446398,0.140625,-0.46875,0.59375
05-18-2020_14-57-28,-7.3411797368,-2.4502503424,-5.388636495199999,0.140625,0.390625,0.1953125
05-18-2020_14-57-28,-7.343572559399999,-2.4430718745999997,-5.3934221404,0.4140625,-0.171875,0.5078125
05-18-2020_14-57-28,-7.367500785399999,-2.4406790519999997,-5.3575298014,-0.5,-0.0703125,0.5546875
05-18-2020_14-57-28,-7.357929495,-2.4574288101999997,-5.362315446599999,-0.109375,-0.0703125,0.375
05-18-2020_14-57-28,-7.355536672399999,-2.4406790519999997,-5.3671010917999995,0.1640625,-0.1015625,0.6328125
05-18-2020_14-57-28,-7.331608446399999,-2.4622144554000003,-5.374279559599999,-0.0859375,0.15625,0.328125
05-18-2020_14-57-28,-7.3363940916,-2.4550359876,-5.374279559599999,-0.2734375,-0.0546875,0.375
05-18-2020_14-57-28,-7.350751027199999,-2.4526431649999996,-5.347958510999999,-0.0703125,0.09375,0.3515625
05-18-2020_14-57-28,-7.4584280442,-2.6297120374,-5.386243672599999,-0.0078125,0.015625,0.0234375
05-18-2020_14-57-29,-7.166503687,-2.4119651807999998,-5.254638429599999,-0.65625,-0.625,0.7265625
05-18-2020_14-57-29,-7.3986074792,-2.5507488916,-5.386243672599999,0.2265625,0.25,0.4296875
05-18-2020_14-57-29,-7.3531438497999995,-2.4454646972,-5.4006006081999995,0.5234375,0.0625,0.2578125
05-18-2020_14-57-29,-7.3962146566,-2.476571391,-5.3168518172,-0.21875,-0.0078125,0.59375
05-18-2020_14-57-29,-7.3363940916,-2.3952154225999998,-5.2953164138,-0.5234375,-0.21875,0.234375
05-18-2020_14-57-29,-7.3005017526,-2.3832513096,-5.331208752799999,-0.28125,0.3359375,0.25
05-18-2020_14-57-29,-7.3531438497999995,-2.4861426814,-5.3982077855999995,-0.4765625,-0.0859375,0.5859375
05-18-2020_14-57-29,-7.331608446399999,-2.3976082452,-5.4149575438,0.3828125,0.078125,0.0234375
05-18-2020_14-57-29,-7.3531438497999995,-2.4191436485999995,-5.314458994599999,0.1171875,-0.4375,0.8359375
05-18-2020_14-57-30,-7.3411797368,-2.4430718745999997,-5.292923591199999,0.046875,0.140625,0.625
05-18-2020_14-57-30,-7.343572559399999,-2.3832513096,-5.371886736999999,-0.1015625,-0.0859375,0.4765625
05-18-2020_14-57-30,-7.357929495,-2.428714939,-5.460421173199999,0.078125,0.125,-0.109375
05-18-2020_14-57-30,-7.312465865599999,-2.4358934068,-5.3336015754,0.0234375,-0.0078125,0.1796875
05-18-2020_14-57-30,-7.3005017526,-2.3665015514,-5.2977092364,0.3046875,-0.0625,0.09375
05-18-2020_14-57-30,-7.3052873978,-2.3832513096,-5.371886736999999,-0.34375,0.1328125,0.171875
05-18-2020_14-57-30,-7.3268228012,-2.4358934068,-5.3575298014,-0.0546875,0.21875,0.6796875
05-18-2020_14-57-30,-7.3866433661999995,-2.4670001006,-5.3934221404,0.1328125,0.0625,0.375
05-18-2020_14-57-30,-7.3220371559999995,-2.4047867129999996,-5.386243672599999,-0.28125,0.2109375,0.265625
05-18-2020_14-57-31,-7.350751027199999,-2.4598216327999998,-5.4006006081999995,-0.4609375,-0.1328125,0.1796875
05-18-2020_14-57-31,-7.310073042999999,-2.3832513096,-5.300102058999999,0.0,-0.265625,0.5390625
05-18-2020_14-57-31,-7.357929495,-2.4693929231999996,-5.3551369788,0.1484375,-0.078125,0.0546875
05-18-2020_14-57-31,-7.3603223176,-2.4191436485999995,-5.3575298014,-0.3984375,0.0546875,0.078125
05-18-2020_14-57-31,-7.3292156238,-2.4335005842,-5.374279559599999,-0.1171875,0.1171875,0.40625
05-18-2020_14-57-31,-7.3387869142,-2.4574288101999997,-5.331208752799999,0.25,-0.1875,0.25
05-18-2020_14-57-31,-7.367500785399999,-2.4311077616,-5.371886736999999,-0.4609375,-0.0859375,0.515625
05-18-2020_14-57-31,-7.3363940916,-2.4550359876,-5.3790652048,-0.1953125,0.3203125,0.34375
05-18-2020_14-57-32,-7.5134629639999995,-2.6105694566,-5.422136011599999,-0.4921875,-0.5625,1.0390625
05-18-2020_14-57-32,-7.4177500599999995,-2.5435704238,-5.4173503664,0.0,0.2265625,-0.0703125
05-18-2020_14-57-32,-7.3028945752,-2.4598216327999998,-5.3168518172,-0.3046875,-0.3984375,0.4921875
05-18-2020_14-57-32,-7.348358204599999,-2.464607278,-5.3192446398,0.2109375,-0.0625,0.328125
05-18-2020_14-57-32,-7.3627151402,-2.4430718745999997,-5.350351333599999,0.125,-0.0625,0.3671875
05-18-2020_14-57-32,-7.3531438497999995,-2.4598216327999998,-5.3383872206,-0.1484375,-0.1796875,0.4921875
05-18-2020_14-57-32,-7.355536672399999,-2.4622144554000003,-5.359922623999999,-0.0859375,-0.03125,0.1484375
05-18-2020_14-57-32,-7.3770720758,-2.464607278,-5.326423107599999,-0.1015625,-0.296875,0.3984375
05-18-2020_14-57-32,-7.3651079628,-2.4502503424,-5.352744156199999,-0.265625,-0.2109375,0.28125
05-18-2020_14-57-33,-7.357929495,-2.4335005842,-5.3671010917999995,-0.40625,0.1953125,0.4765625
05-18-2020_14-57-33,-7.3411797368,-2.4574288101999997,-5.3431728658,-0.375,-0.3125,0.515625
05-18-2020_14-57-33,-7.343572559399999,-2.4693929231999996,-5.364708269199999,-0.1640625,0.09375,0.3515625
05-18-2020_14-57-33,-7.355536672399999,-2.4358934068,-5.3407800432,0.0234375,-0.0859375,0.65625
05-18-2020_14-57-33,-7.355536672399999,-2.4670001006,-5.3383872206,-0.125,-0.2578125,0.515625
05-18-2020_14-57-33,-7.357929495,-2.4335005842,-5.3455656884,-0.2890625,-0.1328125,0.046875
05-18-2020_14-57-33,-7.343572559399999,-2.464607278,-5.3575298014,-0.1796875,0.09375,0.2109375
05-18-2020_14-57-33,-7.355536672399999,-2.4693929231999996,-5.3575298014,0.1171875,0.1171875,0.1953125
05-18-2020_14-57-33,-7.343572559399999,-2.4382862293999996,-5.388636495199999,0.109375,0.0,0.3984375
05-18-2020_14-57-34,-7.345965381999999,-2.4454646972,-5.3575298014,-0.5078125,0.015625,0.578125
05-18-2020_14-57-34,-7.350751027199999,-2.4550359876,-5.3455656884,-0.0390625,-0.421875,0.2578125
05-18-2020_14-57-34,-7.348358204599999,-2.4526431649999996,-5.362315446599999,-0.1484375,-0.0703125,0.375
05-18-2020_14-57-34,-7.348358204599999,-2.4358934068,-5.3671010917999995,0.0078125,0.1796875,0.3984375
05-18-2020_14-57-34,-7.343572559399999,-2.4478575198,-5.3431728658,-0.6015625,0.1328125,0.34375
05-18-2020_14-57-34,-7.350751027199999,-2.4574288101999997,-5.3551369788,-0.109375,0.09375,0.3828125
05-18-2020_14-57-34,-7.369893607999999,-2.4382862293999996,-5.3790652048,-0.171875,-0.1796875,0.53125
05-18-2020_14-57-34,-7.3387869142,-2.464607278,-5.335994397999999,-0.296875,0.0703125,0.515625
05-18-2020_14-57-35,-7.3363940916,-2.4478575198,-5.3407800432,-0.1640625,-0.1328125,0.2265625
05-18-2020_14-57-35,-7.357929495,-2.4502503424,-5.359922623999999,0.0,-0.125,0.3671875
05-18-2020_14-57-35,-7.355536672399999,-2.4335005842,-5.364708269199999,-0.171875,-0.0859375,0.4140625
05-18-2020_14-57-35,-7.3531438497999995,-2.4526431649999996,-5.388636495199999,0.0546875,0.2265625,0.3515625
05-18-2020_14-57-35,-7.343572559399999,-2.4574288101999997,-5.3575298014,-0.1328125,0.078125,0.421875
05-18-2020_14-57-35,-7.343572559399999,-2.4406790519999997,-5.331208752799999,-0.0078125,-0.0234375,0.3046875
05-18-2020_14-57-35,-7.350751027199999,-2.4358934068,-5.362315446599999,0.0078125,0.2265625,0.4375
05-18-2020_14-57-35,-7.3531438497999995,-2.4550359876,-5.3551369788,-0.1796875,0.171875,0.3125
05-18-2020_14-57-35,-7.343572559399999,-2.4335005842,-5.3455656884,0.078125,0.3828125,0.5234375
05-18-2020_14-57-36,-7.343572559399999,-2.428714939,-5.350351333599999,-0.2734375,0.046875,0.4765625
05-18-2020_14-57-36,-7.3627151402,-2.4526431649999996,-5.3431728658,-0.0234375,-0.03125,0.3046875
05-18-2020_14-57-36,-7.345965381999999,-2.4454646972,-5.352744156199999,0.3203125,0.25,0.296875
05-18-2020_14-57-36,-7.3411797368,-2.4574288101999997,-5.350351333599999,-0.2265625,-0.171875,0.21875
05-18-2020_14-57-36,-7.348358204599999,-2.4478575198,-5.371886736999999,-0.1953125,0.078125,0.2890625
05-18-2020_14-57-36,-7.3172515108,-2.4239292938,-5.3455656884,-0.4609375,0.140625,0.734375
05-18-2020_14-57-36,-7.345965381999999,-2.428714939,-5.362315446599999,0.28125,-0.0625,0.25
05-18-2020_14-57-36,-7.3770720758,-2.4502503424,-5.371886736999999,-0.109375,-0.421875,0.59375
05-18-2020_14-57-36,-7.357929495,-2.4430718745999997,-5.3383872206,-0.2734375,0.2109375,0.15625
05-18-2020_14-57-37,-7.357929495,-2.4358934068,-5.371886736999999,-0.015625,0.0625,0.3359375
05-18-2020_14-57-37,-7.331608446399999,-2.464607278,-5.350351333599999,-0.1484375,0.046875,0.5625
05-18-2020_14-57-37,-7.3363940916,-2.4478575198,-5.374279559599999,0.015625,-0.3046875,0.078125
05-18-2020_14-57-37,-7.3603223176,-2.4478575198,-5.364708269199999,0.1328125,0.015625,0.484375
05-18-2020_14-57-37,-7.3746792532,-2.4430718745999997,-5.38385085,-0.171875,0.078125,0.390625
05-18-2020_14-57-37,-7.367500785399999,-2.4598216327999998,-5.347958510999999,0.1796875,-0.0625,0.421875
05-18-2020_14-57-37,-7.350751027199999,-2.4382862293999996,-5.3694939144,-0.2734375,-0.0703125,0.3046875
05-18-2020_14-57-37,-7.357929495,-2.4574288101999997,-5.3551369788,-0.109375,-0.1953125,0.6640625
05-18-2020_14-57-38,-7.348358204599999,-2.4454646972,-5.3455656884,-0.171875,0.3359375,0.2734375
05-18-2020_14-57-38,-7.3268228012,-2.4382862293999996,-5.371886736999999,0.015625,-0.0390625,0.328125
05-18-2020_14-57-38,-7.3603223176,-2.4454646972,-5.3336015754,-0.109375,0.09375,0.6171875
05-18-2020_14-57-38,-7.3651079628,-2.4550359876,-5.3407800432,-0.34375,0.078125,0.515625
05-18-2020_14-57-38,-7.3627151402,-2.4502503424,-5.374279559599999,-0.0703125,0.078125,0.59375
05-18-2020_14-57-38,-7.3531438497999995,-2.4526431649999996,-5.371886736999999,-0.2890625,-0.0859375,0.5078125
05-18-2020_14-57-38,-7.348358204599999,-2.4622144554000003,-5.374279559599999,-0.3671875,-0.078125,-0.015625
05-18-2020_14-57-38,-7.357929495,-2.4598216327999998,-5.3694939144,-0.0859375,-0.2109375,0.7421875
05-18-2020_14-57-38,-7.319644333399999,-2.428714939,-5.324030284999999,0.0703125,0.0546875,0.6015625
05-18-2020_14-57-39,-7.3531438497999995,-2.4311077616,-5.3383872206,-0.1171875,0.0703125,0.75
05-18-2020_14-57-39,-7.355536672399999,-2.4239292938,-5.388636495199999,-0.1796875,0.015625,0.34375
05-18-2020_14-57-39,-7.343572559399999,-2.4598216327999998,-5.3766723822,-0.3359375,-0.03125,0.546875
05-18-2020_14-57-39,-7.3411797368,-2.4406790519999997,-5.3551369788,0.015625,0.265625,0.203125
05-18-2020_14-57-39,-7.384250543599999,-2.4143580034,-5.391029317799999,-0.2109375,0.078125,0.59375
05-18-2020_14-57-39,-7.283751994399999,-2.3186450994,-5.2211389132,-0.375,-0.1328125,0.84375
05-18-2020_14-57-39,-7.3028945752,-2.4263221163999997,-5.3383872206,-0.0078125,0.015625,0.1640625
05-18-2020_14-57-39,-7.331608446399999,-2.4430718745999997,-5.359922623999999,-0.25,-0.0703125,0.3359375
05-18-2020_14-57-39,-7.343572559399999,-2.4574288101999997,-5.3671010917999995,-0.3359375,0.015625,0.25
05-18-2020_14-57-40,-7.3387869142,-2.4502503424,-5.386243672599999,0.109375,0.1171875,0.453125
05-18-2020_14-57-40,-7.3363940916,-2.4478575198,-5.350351333599999,0.0234375,-0.1875,0.4765625
05-18-2020_14-57-40,-7.334001268999999,-2.4454646972,-5.362315446599999,-0.1171875,0.3046875,0.1484375
05-18-2020_14-57-40,-7.3651079628,-2.4670001006,-5.3575298014,-0.1640625,-0.046875,0.5859375
05-18-2020_14-57-40,-7.3531438497999995,-2.4502503424,-5.350351333599999,-0.1484375,0.0078125,0.2890625
05-18-2020_14-57-40,-7.350751027199999,-2.4622144554000003,-5.371886736999999,-0.171875,-0.3125,0.3828125
05-18-2020_14-57-40,-7.319644333399999,-2.476571391,-5.347958510999999,-0.109375,-0.1171875,0.3828125
05-18-2020_14-57-40,-7.3244299786,-2.6991038927999997,-5.158925525599999,-0.390625,-0.03125,0.4765625
05-18-2020_14-57-41,-7.4560352216,-2.4263221163999997,-5.2235317358,0.0078125,-1.09375,1.2421875
05-18-2020_14-57-41,-7.3962146566,-2.5004996169999996,-5.2402814939999995,0.2109375,-0.4140625,0.828125
05-18-2020_14-57-41,-7.271787881399999,-2.3784656643999997,-5.266602542599999,0.1171875,1.46875,-0.3359375
05-18-2020_14-57-41,-7.319644333399999,-2.3736800191999996,-5.3168518172,0.1171875,0.2890625,0.46875
05-18-2020_14-57-41,-7.314858688199999,-2.4382862293999996,-5.3072805268,0.109375,0.453125,0.4296875
05-18-2020_14-57-41,-7.3387869142,-2.3928225999999997,-5.3671010917999995,-0.328125,-0.046875,0.4140625
05-18-2020_14-57-41,-7.345965381999999,-2.4550359876,-5.407779076,-0.0703125,0.7109375,0.15625
05-18-2020_14-57-41,-7.286144816999999,-2.4095723581999997,-5.290530768599999,-0.25,-0.0859375,0.375
05-18-2020_14-57-41,-7.2311098972,-2.5507488916,-5.3694939144,-0.2109375,-0.28125,0.765625
05-18-2020_14-57-42,-7.446463931199999,-2.5363919559999997,-5.422136011599999,0.0,-0.203125,0.171875
05-18-2020_14-57-42,-7.403393124399999,-2.4957139718,-5.395814963,-0.25,-0.109375,0.4921875
05-18-2020_14-57-42,-7.331608446399999,-2.4406790519999997,-5.359922623999999,-0.015625,0.40625,0.078125
05-18-2020_14-57-42,-7.331608446399999,-2.4957139718,-5.3216374624,-0.0859375,0.09375,0.421875
05-18-2020_14-57-42,-7.3292156238,-2.4574288101999997,-5.391029317799999,0.078125,0.328125,0.28125
05-18-2020_14-57-42,-7.3172515108,-2.4526431649999996,-5.352744156199999,-0.2109375,-0.21875,0.6484375
05-18-2020_14-57-42,-7.3651079628,-2.4622144554000003,-5.386243672599999,-0.21875,0.1953125,0.0390625
05-18-2020_14-57-42,-7.3411797368,-2.4430718745999997,-5.3383872206,-0.3125,0.03125,0.40625
05-18-2020_14-57-42,-7.343572559399999,-2.4502503424,-5.3671010917999995,-0.3671875,-0.0546875,0.546875
05-18-2020_14-57-43,-7.3292156238,-2.4119651807999998,-5.326423107599999,0.1171875,-0.0234375,0.3828125
05-18-2020_14-57-43,-7.3770720758,-2.4095723581999997,-5.3671010917999995,-0.4921875,-0.1953125,0.78125
05-18-2020_14-57-43,-7.410571592199999,-2.3832513096,-5.371886736999999,0.234375,0.34375,0.046875
05-18-2020_14-57-43,-7.384250543599999,-2.4717857457999997,-5.386243672599999,-0.3359375,0.2421875,0.0390625
05-18-2020_14-57-43,-7.314858688199999,-2.416750826,-5.3336015754,0.0546875,0.1484375,0.4921875
05-18-2020_14-57-43,-7.3531438497999995,-2.4430718745999997,-5.3766723822,-0.28125,0.40625,0.3046875
05-18-2020_14-57-43,-7.3387869142,-2.4311077616,-5.3814580274,-0.1484375,-0.03125,0.3359375
05-18-2020_14-57-43,-7.432106995599999,-2.3497517932,-5.290530768599999,0.3984375,-0.1796875,-0.0625
05-18-2020_14-57-44,-7.4177500599999995,-2.5363919559999997,-5.412564721199999,0.046875,-0.2578125,0.625
05-18-2020_14-57-44,-7.3387869142,-2.4454646972,-5.331208752799999,0.0703125,0.1796875,0.453125
05-18-2020_14-57-44,-7.3363940916,-2.4909283265999997,-5.422136011599999,0.4296875,0.5390625,0.0078125
05-18-2020_14-57-44,-7.3890361888,-2.4789642136,-5.4173503664,-0.6875,-0.015625,0.6015625
05-18-2020_14-57-44,-7.3651079628,-2.5052852621999997,-5.4006006081999995,-0.2578125,-0.0078125,0.2890625
05-18-2020_14-57-44,-7.3268228012,-2.4239292938,-5.2833523008,-0.5234375,-0.6484375,0.7421875
05-18-2020_14-57-44,-7.367500785399999,-2.4191436485999995,-5.300102058999999,0.1796875,-0.0390625,0.5
05-18-2020_14-57-44,-7.372286430599999,-2.4598216327999998,-5.359922623999999,-0.0078125,0.140625,0.0234375
05-18-2020_14-57-44,-7.3627151402,-2.4430718745999997,-5.3431728658,-0.2421875,0.015625,0.5390625
05-18-2020_14-57-45,-7.348358204599999,-2.4574288101999997,-5.362315446599999,0.0,-0.109375,0.34375
05-18-2020_14-57-45,-7.355536672399999,-2.4358934068,-5.335994397999999,0.3515625,-0.1484375,0.671875
05-18-2020_14-57-45,-7.3603223176,-2.4478575198,-5.352744156199999,-0.125,-0.4140625,0.3984375
05-18-2020_14-57-45,-7.355536672399999,-2.4693929231999996,-5.359922623999999,-0.3515625,-0.28125,0.4375
05-18-2020_14-57-45,-7.350751027199999,-2.4430718745999997,-5.371886736999999,0.015625,-0.1640625,0.3046875
05-18-2020_14-57-45,-7.3531438497999995,-2.4454646972,-5.3766723822,-0.2109375,-0.25,0.46875
05-18-2020_14-57-45,-7.3603223176,-2.4263221163999997,-5.352744156199999,0.15625,0.078125,0.1796875
05-18-2020_14-57-45,-7.357929495,-2.4406790519999997,-5.364708269199999,0.03125,0.125,0.8359375
05-18-2020_14-57-45,-7.345965381999999,-2.4358934068,-5.3455656884,-0.0390625,-0.0703125,0.4140625
05-18-2020_14-57-46,-7.345965381999999,-2.4622144554000003,-5.371886736999999,-0.046875,0.09375,0.40625
05-18-2020_14-57-46,-7.367500785399999,-2.4406790519999997,-5.4149575438,-0.3359375,-0.3125,0.1640625
05-18-2020_14-57-46,-7.310073042999999,-2.3425733254,-5.2857451234,-0.3671875,-0.1328125,0.5546875
05-18-2020_14-57-46,-7.348358204599999,-2.464607278,-5.3934221404,-0.6875,0.1171875,0.2890625
05-18-2020_14-57-46,-7.3531438497999995,-2.4382862293999996,-5.3455656884,-0.1953125,0.171875,0.0390625
05-18-2020_14-57-46,-7.355536672399999,-2.4430718745999997,-5.352744156199999,0.3203125,0.1484375,0.28125
05-18-2020_14-57-46,-7.343572559399999,-2.4430718745999997,-5.38385085,-0.1484375,-0.046875,0.453125
05-18-2020_14-57-46,-7.3292156238,-2.4335005842,-5.3551369788,-0.015625,0.0859375,0.421875
05-18-2020_14-57-47,-7.355536672399999,-2.4502503424,-5.350351333599999,-0.0859375,0.234375,0.234375
05-18-2020_14-57-47,-7.367500785399999,-2.4550359876,-5.350351333599999,-0.53125,0.2421875,0.65625
05-18-2020_14-57-47,-7.3387869142,-2.4598216327999998,-5.3575298014,-0.4140625,-0.171875,0.8984375
05-18-2020_14-57-47,-7.3052873978,-2.4933211492,-5.374279559599999,-0.25,-0.1796875,0.5703125
05-18-2020_14-57-47,-7.4153572373999985,-2.4789642136,-5.388636495199999,-0.2109375,0.046875,0.25
05-18-2020_14-57-47,-7.29810893,-2.428714939,-5.364708269199999,0.140625,0.1796875,0.6015625
05-18-2020_14-57-47,-7.355536672399999,-2.4335005842,-5.352744156199999,0.0,-0.046875,0.4453125
05-18-2020_14-57-47,-7.350751027199999,-2.4430718745999997,-5.371886736999999,0.109375,0.3671875,0.3515625
05-18-2020_14-57-47,-7.357929495,-2.4502503424,-5.331208752799999,-0.1875,-0.0859375,0.546875
05-18-2020_14-57-48,-7.3531438497999995,-2.4191436485999995,-5.3407800432,-0.1484375,0.078125,0.0703125
05-18-2020_14-57-48,-7.357929495,-2.4670001006,-5.3814580274,-0.40625,0.1171875,0.5234375
05-18-2020_14-57-48,-7.3172515108,-2.4717857457999997,-5.3551369788,0.203125,-0.0859375,0.5234375
05-18-2020_14-57-48,-7.348358204599999,-2.4813570361999995,-5.350351333599999,-0.375,-0.15625,0.3984375
05-18-2020_14-57-48,-7.3411797368,-2.4430718745999997,-5.362315446599999,0.2890625,-0.0234375,0.3828125
05-18-2020_14-57-48,-7.343572559399999,-2.4574288101999997,-5.3694939144,-0.234375,-0.2109375,0.1484375
05-18-2020_14-57-48,-7.3363940916,-2.4574288101999997,-5.350351333599999,-0.21875,0.234375,0.3671875
05-18-2020_14-57-48,-7.3387869142,-2.4526431649999996,-5.359922623999999,-0.109375,0.171875,0.3125
05-18-2020_14-57-48,-7.3411797368,-2.4550359876,-5.3671010917999995,-0.140625,-0.0703125,0.453125
05-18-2020_14-57-49,-7.3651079628,-2.4478575198,-5.3694939144,0.0546875,-0.0078125,0.2421875
05-18-2020_14-57-49,-7.357929495,-2.464607278,-5.3671010917999995,-0.296875,0.1875,0.359375
05-18-2020_14-57-49,-7.350751027199999,-2.4430718745999997,-5.350351333599999,-0.3359375,-0.0703125,0.2578125
05-18-2020_14-57-49,-7.3603223176,-2.4526431649999996,-5.371886736999999,-0.171875,0.109375,0.796875
05-18-2020_14-57-49,-7.348358204599999,-2.4335005842,-5.362315446599999,-0.0234375,-0.1953125,0.8828125
05-18-2020_14-57-49,-7.3627151402,-2.4574288101999997,-5.3575298014,0.1171875,-0.265625,0.3671875
05-18-2020_14-57-49,-7.3531438497999995,-2.4358934068,-5.362315446599999,0.078125,0.0546875,0.453125
05-18-2020_14-57-49,-7.262216591,-2.4382862293999996,-5.314458994599999,-0.53125,-0.0078125,0.34375
05-18-2020_14-57-50,-7.310073042999999,-2.4215364712,-5.347958510999999,-0.59375,-0.375,0.515625
05-18-2020_14-57-50,-7.3746792532,-2.416750826,-5.335994397999999,-0.375,0.171875,0.15625
05-18-2020_14-57-50,-7.4153572373999985,-2.4789642136,-5.4006006081999995,-0.125,-0.1171875,0.421875
05-18-2020_14-57-50,-7.343572559399999,-2.4598216327999998,-5.3694939144,0.0546875,0.140625,0.5703125
05-18-2020_14-57-50,-7.348358204599999,-2.4263221163999997,-5.3551369788,-0.109375,-0.15625,0.515625
05-18-2020_14-57-50,-7.3411797368,-2.4598216327999998,-5.374279559599999,-0.0546875,0.15625,0.515625
05-18-2020_14-57-50,-7.355536672399999,-2.4430718745999997,-5.3766723822,-0.4921875,-0.0546875,0.2265625
05-18-2020_14-57-50,-7.334001268999999,-2.4478575198,-5.331208752799999,0.015625,0.1484375,0.5625
05-18-2020_14-57-50,-7.350751027199999,-2.4239292938,-5.3383872206,0.1015625,-0.25,0.4296875
05-18-2020_14-57-51,-7.3603223176,-2.4406790519999997,-5.3694939144,-0.2578125,0.03125,0.4765625
05-18-2020_14-57-51,-7.357929495,-2.4382862293999996,-5.3455656884,-0.4765625,-0.1484375,0.34375
05-18-2020_14-57-51,-7.357929495,-2.4382862293999996,-5.3575298014,-0.2734375,-0.03125,0.53125
05-18-2020_14-57-51,-7.381857720999999,-2.5028924396,-5.3982077855999995,-0.2734375,-0.3984375,0.453125
05-18-2020_14-57-51,-7.319644333399999,-2.4143580034,-5.312066171999999,-0.4609375,-0.0859375,0.8671875
05-18-2020_14-57-51,-7.3627151402,-2.4478575198,-5.3024948815999995,-0.78125,-0.375,0.453125
05-18-2020_14-57-51,-7.379464898399999,-2.4622144554000003,-5.391029317799999,-0.0234375,-0.09375,0.375
05-18-2020_14-57-51,-7.3292156238,-2.476571391,-5.412564721199999,-0.0859375,0.3203125,0.34375
05-18-2020_14-57-51,-7.3746792532,-2.4454646972,-5.3551369788,-0.3671875,-0.1796875,0.75
05-18-2020_14-57-52,-7.348358204599999,-2.4358934068,-5.328815930199999,0.109375,0.125,0.296875
05-18-2020_14-57-52,-7.3387869142,-2.4358934068,-5.328815930199999,-0.140625,-0.0859375,0.46875
05-18-2020_14-57-52,-7.355536672399999,-2.464607278,-5.3694939144,0.0625,-0.046875,0.2109375
05-18-2020_14-57-52,-7.367500785399999,-2.4478575198,-5.3072805268,-0.2734375,-0.0078125,0.6171875
05-18-2020_14-57-52,-7.357929495,-2.4502503424,-5.352744156199999,-0.1484375,-0.0546875,0.53125
05-18-2020_14-57-52,-7.3531438497999995,-2.4382862293999996,-5.362315446599999,-0.1484375,-0.15625,0.46875
05-18-2020_14-57-52,-7.355536672399999,-2.4382862293999996,-5.3575298014,-0.109375,-0.015625,0.234375
05-18-2020_14-57-52,-7.345965381999999,-2.4526431649999996,-5.3431728658,-0.359375,0.0703125,0.0546875
05-18-2020_14-57-53,-7.343572559399999,-2.4454646972,-5.335994397999999,0.109375,0.28125,0.4140625
05-18-2020_14-57-53,-7.3268228012,-2.4526431649999996,-5.347958510999999,-0.046875,0.140625,0.3515625
05-18-2020_14-57-53,-7.355536672399999,-2.4454646972,-5.362315446599999,-0.2890625,-0.15625,0.4140625
05-18-2020_14-57-53,-7.350751027199999,-2.4550359876,-5.371886736999999,-0.1328125,-0.0078125,0.3125
05-18-2020_14-57-53,-7.350751027199999,-2.4574288101999997,-5.3168518172,0.0078125,0.203125,0.3203125
05-18-2020_14-57-53,-7.3746792532,-2.4550359876,-5.3575298014,-0.1484375,0.03125,0.3515625
05-18-2020_14-57-53,-7.3746792532,-2.4335005842,-5.3694939144,-0.2578125,0.09375,0.484375
05-18-2020_14-57-53,-7.3651079628,-2.4382862293999996,-5.3671010917999995,-0.359375,0.0546875,0.4765625
05-18-2020_14-57-53,-7.350751027199999,-2.4335005842,-5.362315446599999,-0.1640625,-0.1171875,0.3828125
05-18-2020_14-57-54,-7.3411797368,-2.4502503424,-5.359922623999999,0.0859375,-0.0625,0.390625
05-18-2020_14-57-54,-7.3363940916,-2.4598216327999998,-5.386243672599999,-0.3984375,-0.1953125,0.2578125
05-18-2020_14-57-54,-7.345965381999999,-2.4574288101999997,-5.352744156199999,-0.375,-0.3203125,0.109375
05-18-2020_14-57-54,-7.345965381999999,-2.4550359876,-5.352744156199999,0.0546875,-0.140625,0.40625
05-18-2020_14-57-54,-7.3387869142,-2.4454646972,-5.374279559599999,-0.3359375,-0.2734375,0.3671875
05-18-2020_14-57-54,-7.348358204599999,-2.4358934068,-5.362315446599999,0.1171875,0.25,0.7578125
05-18-2020_14-57-54,-7.3411797368,-2.4454646972,-5.3766723822,-0.1171875,0.109375,0.328125
05-18-2020_14-57-54,-7.3387869142,-2.464607278,-5.371886736999999,-0.0546875,0.078125,0.109375
05-18-2020_14-57-54,-7.331608446399999,-2.4454646972,-5.3671010917999995,-0.328125,-0.1796875,0.359375
05-18-2020_14-57-55,-7.345965381999999,-2.4478575198,-5.3575298014,-0.265625,-0.2578125,0.4921875
05-18-2020_14-57-55,-7.3627151402,-2.4574288101999997,-5.3814580274,-0.6875,-0.2578125,0.1640625
05-18-2020_14-57-55,-7.369893607999999,-2.4550359876,-5.359922623999999,-0.046875,-0.03125,0.3359375
05-18-2020_14-57-55,-7.3603223176,-2.4358934068,-5.3455656884,0.109375,0.0390625,0.125
05-18-2020_14-57-55,-7.348358204599999,-2.4622144554000003,-5.350351333599999,0.078125,0.1796875,0.3203125
05-18-2020_14-57-55,-7.348358204599999,-2.4430718745999997,-5.3766723822,0.015625,-0.125,0.1875
05-18-2020_14-57-55,-7.350751027199999,-2.4478575198,-5.3455656884,-0.3515625,-0.1328125,0.0625
05-18-2020_14-57-55,-7.357929495,-2.4598216327999998,-5.362315446599999,-0.03125,0.0078125,0.4609375
05-18-2020_14-57-56,-7.355536672399999,-2.4454646972,-5.347958510999999,0.1796875,-0.0234375,0.2265625
05-18-2020_14-57-56,-7.348358204599999,-2.4502503424,-5.3551369788,0.015625,-0.0390625,0.4296875
05-18-2020_14-57-56,-7.3651079628,-2.476571391,-5.3671010917999995,-0.25,-0.1484375,0.3046875
05-18-2020_14-57-56,-7.350751027199999,-2.4526431649999996,-5.347958510999999,-0.28125,0.0546875,0.3125
05-18-2020_14-57-56,-7.345965381999999,-2.4358934068,-5.3766723822,0.1171875,0.125,0.28125
05-18-2020_14-57-56,-7.357929495,-2.4526431649999996,-5.3694939144,-0.15625,0.1171875,0.640625
05-18-2020_14-57-56,-7.348358204599999,-2.4478575198,-5.359922623999999,-0.09375,0.015625,0.4453125
05-18-2020_14-57-56,-7.3411797368,-2.4478575198,-5.371886736999999,-0.3046875,-0.3125,0.546875
05-18-2020_14-57-56,-7.350751027199999,-2.4550359876,-5.359922623999999,-0.2578125,0.1328125,0.6953125
05-18-2020_14-57-57,-7.3603223176,-2.4454646972,-5.347958510999999,-0.0625,-0.3828125,0.265625
05-18-2020_14-57-57,-7.3387869142,-2.4430718745999997,-5.352744156199999,-0.4765625,-0.2734375,0.375
05-18-2020_14-57-57,-7.3411797368,-2.4622144554000003,-5.386243672599999,-0.171875,0.09375,0.25
05-18-2020_14-57-57,-7.3387869142,-2.4502503424,-5.3455656884,0.28125,0.0625,0.3359375
05-18-2020_14-57-57,-7.348358204599999,-2.4550359876,-5.371886736999999,-0.171875,0.1953125,0.515625
05-18-2020_14-57-57,-7.350751027199999,-2.4478575198,-5.326423107599999,0.4140625,-0.1015625,0.3671875
05-18-2020_14-57-57,-7.3411797368,-2.4430718745999997,-5.362315446599999,0.15625,0.140625,0.2421875
05-18-2020_14-57-57,-7.3531438497999995,-2.4478575198,-5.3431728658,-0.234375,-0.1171875,0.421875
05-18-2020_14-57-57,-7.348358204599999,-2.4382862293999996,-5.352744156199999,-0.0078125,0.2421875,0.5625
05-18-2020_14-57-58,-7.3603223176,-2.4430718745999997,-5.3694939144,-0.09375,0.046875,0.2109375
05-18-2020_14-57-58,-7.343572559399999,-2.4478575198,-5.3671010917999995,-0.3515625,-0.0703125,0.421875
05-18-2020_14-57-58,-7.343572559399999,-2.4430718745999997,-5.371886736999999,0.03125,0.28125,0.875
05-18-2020_14-57-58,-7.345965381999999,-2.4478575198,-5.347958510999999,-0.1015625,-0.34375,0.34375
05-18-2020_14-57-58,-7.3411797368,-2.4478575198,-5.386243672599999,-0.3671875,-0.1171875,0.4375
05-18-2020_14-57-58,-7.355536672399999,-2.4550359876,-5.335994397999999,0.171875,0.1171875,0.484375
05-18-2020_14-57-58,-7.343572559399999,-2.4382862293999996,-5.3431728658,-0.25,-0.2734375,0.3359375
05-18-2020_14-57-58,-7.3531438497999995,-2.4430718745999997,-5.3551369788,-0.125,-0.15625,0.2265625
05-18-2020_14-57-59,-7.3627151402,-2.4502503424,-5.352744156199999,-0.203125,-0.109375,0.203125
05-18-2020_14-57-59,-7.3363940916,-2.4406790519999997,-5.3790652048,0.2421875,0.0,0.4375
05-18-2020_14-57-59,-7.350751027199999,-2.4813570361999995,-5.314458994599999,-0.6015625,-0.359375,0.8984375
05-18-2020_14-57-59,-7.384250543599999,-2.5674986497999996,-5.2402814939999995,-0.53125,-1.03125,0.921875
05-18-2020_14-57-59,-7.3986074792,-2.5028924396,-5.2211389132,-0.3046875,-0.5703125,0.671875
05-18-2020_14-57-59,-7.3651079628,-2.4909283265999997,-5.2594240748,-0.0625,-0.0703125,0.53125
05-18-2020_14-57-59,-7.357929495,-2.4191436485999995,-5.3336015754,0.203125,0.3046875,0.4375
05-18-2020_14-57-59,-7.343572559399999,-2.4550359876,-5.3407800432,-0.3125,0.421875,0.234375
05-18-2020_14-57-59,-7.3411797368,-2.4670001006,-5.3407800432,-0.109375,0.3359375,0.3828125
05-18-2020_14-58-00,-7.372286430599999,-2.4813570361999995,-5.38385085,0.140625,0.4296875,0.28125
05-18-2020_14-58-00,-7.3411797368,-2.3976082452,-5.3671010917999995,-0.2265625,-0.0703125,0.546875
05-18-2020_14-58-00,-7.3890361888,-2.4933211492,-5.4364929472,-0.015625,0.1171875,0.2578125
05-18-2020_14-58-00,-7.331608446399999,-2.4478575198,-5.3407800432,0.1171875,-0.0078125,0.7109375
05-18-2020_14-58-00,-7.357929495,-2.4693929231999996,-5.3551369788,-0.1875,0.1640625,-0.0625
05-18-2020_14-58-00,-7.355536672399999,-2.4789642136,-5.331208752799999,0.1484375,-0.078125,0.515625
05-18-2020_14-58-00,-7.355536672399999,-2.4789642136,-5.364708269199999,0.0234375,0.25,-0.0546875
05-18-2020_14-58-00,-7.3005017526,-2.4239292938,-5.328815930199999,0.09375,0.2265625,0.140625
05-18-2020_14-58-00,-7.314858688199999,-2.4215364712,-5.374279559599999,0.0078125,0.25,0.0234375
05-18-2020_14-58-01,-7.350751027199999,-2.4335005842,-5.364708269199999,-0.2421875,0.0078125,0.6328125
05-18-2020_14-58-01,-7.3627151402,-2.4071795355999996,-5.359922623999999,0.25,-0.171875,0.3671875
05-18-2020_14-58-01,-7.343572559399999,-2.4598216327999998,-5.3455656884,-0.3359375,-0.3125,0.6484375
05-18-2020_14-58-01,-7.350751027199999,-2.4311077616,-5.350351333599999,-0.6640625,-0.046875,0.421875
05-18-2020_14-58-01,-7.3244299786,-2.3952154225999998,-5.312066171999999,-0.4140625,-0.0703125,0.46875
05-18-2020_14-58-01,-7.381857720999999,-2.4335005842,-5.350351333599999,-0.1171875,0.21875,0.25
05-18-2020_14-58-01,-7.343572559399999,-2.4382862293999996,-5.3766723822,-0.0390625,-0.1953125,0.34375
05-18-2020_14-58-01,-7.343572559399999,-2.4335005842,-5.3694939144,-0.21875,0.296875,0.3046875
05-18-2020_14-58-01,-7.3531438497999995,-2.4574288101999997,-5.38385085,-0.1484375,0.3046875,0.34375
05-18-2020_14-58-02,-7.343572559399999,-2.4406790519999997,-5.3671010917999995,0.0546875,0.1484375,0.5859375
05-18-2020_14-58-02,-7.372286430599999,-2.4215364712,-5.3766723822,-0.40625,0.0078125,0.4453125
05-18-2020_14-58-02,-7.3603223176,-2.4358934068,-5.3575298014,-0.078125,-0.03125,0.1015625
05-18-2020_14-58-02,-7.357929495,-2.4622144554000003,-5.359922623999999,0.1640625,-0.203125,0.484375
05-18-2020_14-58-02,-7.343572559399999,-2.4741785684,-5.3766723822,-0.1953125,0.0546875,0.4296875
05-18-2020_14-58-02,-7.3411797368,-2.4598216327999998,-5.374279559599999,-0.15625,0.015625,0.6953125
05-18-2020_14-58-02,-7.3244299786,-2.4502503424,-5.386243672599999,0.078125,0.0703125,0.4609375
05-18-2020_14-58-02,-7.3531438497999995,-2.4430718745999997,-5.388636495199999,-0.046875,-0.1328125,0.3828125
05-18-2020_14-58-03,-7.345965381999999,-2.464607278,-5.3934221404,0.0703125,0.015625,0.359375
05-18-2020_14-58-03,-7.334001268999999,-2.4526431649999996,-5.3407800432,0.015625,0.0234375,0.2421875
05-18-2020_14-58-03,-7.350751027199999,-2.4550359876,-5.3694939144,0.203125,0.015625,0.140625
05-18-2020_14-58-03,-7.350751027199999,-2.4526431649999996,-5.38385085,0.0390625,-0.0234375,0.5625
05-18-2020_14-58-03,-7.348358204599999,-2.4454646972,-5.3694939144,0.1484375,-0.0859375,0.5234375
05-18-2020_14-58-03,-7.345965381999999,-2.4526431649999996,-5.3694939144,-0.09375,0.0546875,0.234375
05-18-2020_14-58-03,-7.348358204599999,-2.4454646972,-5.3216374624,-0.3125,0.1953125,0.40625
05-18-2020_14-58-03,-7.345965381999999,-2.4382862293999996,-5.3551369788,-0.28125,-0.0078125,0.3515625
05-18-2020_14-58-03,-7.348358204599999,-2.4430718745999997,-5.352744156199999,0.171875,0.0234375,0.5625
05-18-2020_14-58-04,-7.348358204599999,-2.4574288101999997,-5.374279559599999,-0.0859375,-0.015625,0.578125
05-18-2020_14-58-04,-7.3603223176,-2.4550359876,-5.3455656884,-0.328125,-0.0546875,0.34375
05-18-2020_14-58-04,-7.3531438497999995,-2.4406790519999997,-5.362315446599999,-0.109375,0.09375,0.4453125
05-18-2020_14-58-04,-7.355536672399999,-2.4406790519999997,-5.3551369788,-0.359375,0.21875,0.5546875
05-18-2020_14-58-04,-7.345965381999999,-2.4526431649999996,-5.3671010917999995,-0.3046875,-0.03125,0.3046875
05-18-2020_14-58-04,-7.3387869142,-2.4574288101999997,-5.350351333599999,-0.125,-0.15625,0.28125
05-18-2020_14-58-04,-7.3651079628,-2.4526431649999996,-5.3575298014,-0.078125,-0.2578125,0.296875
05-18-2020_14-58-04,-7.3890361888,-2.4813570361999995,-5.4053862534,-0.0078125,-0.0390625,0.109375
05-18-2020_14-58-04,-7.3292156238,-2.4263221163999997,-5.3168518172,-0.5,-0.015625,0.5546875
05-18-2020_14-58-05,-7.357929495,-2.4454646972,-5.3551369788,-0.203125,-0.1796875,0.21875
05-18-2020_14-58-05,-7.348358204599999,-2.4478575198,-5.3766723822,0.1015625,-0.2109375,0.4609375
05-18-2020_14-58-05,-7.3770720758,-2.4335005842,-5.3790652048,-0.1015625,-0.09375,0.3359375
05-18-2020_14-58-05,-7.3531438497999995,-2.464607278,-5.3455656884,-0.2109375,-0.0703125,0.296875
05-18-2020_14-58-05,-7.3411797368,-2.4406790519999997,-5.3551369788,-0.21875,0.015625,0.1875
05-18-2020_14-58-05,-7.3531438497999995,-2.4454646972,-5.350351333599999,0.078125,0.015625,0.5078125
05-18-2020_14-58-05,-7.350751027199999,-2.4454646972,-5.374279559599999,-0.1796875,0.09375,0.484375
05-18-2020_14-58-05,-7.3387869142,-2.4454646972,-5.328815930199999,0.203125,-0.203125,0.4609375
05-18-2020_14-58-06,-7.345965381999999,-2.4526431649999996,-5.3671010917999995,0.2421875,0.0546875,0.2578125
05-18-2020_14-58-06,-7.3531438497999995,-2.4358934068,-5.347958510999999,-0.1796875,0.2578125,0.5234375
05-18-2020_14-58-06,-7.343572559399999,-2.4263221163999997,-5.3431728658,-0.3046875,-0.0859375,0.546875
05-18-2020_14-58-06,-7.355536672399999,-2.4574288101999997,-5.352744156199999,0.0625,-0.0390625,0.3125
05-18-2020_14-58-06,-7.3531438497999995,-2.4406790519999997,-5.3407800432,-0.3125,0.296875,0.3515625
05-18-2020_14-58-06,-7.3603223176,-2.4526431649999996,-5.3671010917999995,0.0078125,0.46875,0.3125
05-18-2020_14-58-06,-7.372286430599999,-2.4622144554000003,-5.386243672599999,0.03125,0.0,0.6875
05-18-2020_14-58-06,-7.3746792532,-2.4311077616,-5.38385085,0.0625,-0.0234375,0.5390625
05-18-2020_14-58-06,-7.3986074792,-2.5220350204,-5.4053862534,-0.171875,0.109375,0.5
05-18-2020_14-58-07,-7.369893607999999,-2.4502503424,-5.3694939144,-0.171875,-0.375,0.203125
05-18-2020_14-58-07,-7.350751027199999,-2.4598216327999998,-5.364708269199999,-0.1953125,0.1953125,0.7109375
05-18-2020_14-58-07,-7.3172515108,-2.416750826,-5.3694939144,-0.234375,0.1953125,0.1328125
05-18-2020_14-58-07,-7.3387869142,-2.4909283265999997,-5.4006006081999995,-0.0078125,0.390625,-0.109375
05-18-2020_14-58-07,-7.3220371559999995,-2.4430718745999997,-5.4293144793999994,-0.3203125,0.046875,0.578125
05-18-2020_14-58-07,-7.3363940916,-2.4622144554000003,-5.352744156199999,-0.171875,-0.25,0.4140625
05-18-2020_14-58-07,-7.3531438497999995,-2.4191436485999995,-5.3694939144,-0.171875,-0.03125,0.671875
05-18-2020_14-58-07,-7.3986074792,-2.4071795355999996,-5.3336015754,-0.046875,-0.171875,0.359375
05-18-2020_14-58-07,-7.262216591,-2.309073809,-5.2091748002,0.2265625,-0.2421875,0.4296875
05-18-2020_14-58-08,-7.319644333399999,-2.4598216327999998,-5.2689953651999994,-0.015625,0.3046875,0.53125
05-18-2020_14-58-08,-7.3890361888,-2.3377876802,-5.2785666556,-0.2734375,0.3203125,0.6796875
05-18-2020_14-58-08,-7.372286430599999,-2.5339991334,-5.467599641,-0.2578125,0.1328125,0.15625
05-18-2020_14-58-08,-7.345965381999999,-2.3545374384,-5.371886736999999,0.2578125,0.0234375,0.1640625
05-18-2020_14-58-08,-7.190431912999999,-2.5363919559999997,-5.352744156199999,-0.0859375,0.03125,0.4296875
05-18-2020_14-58-08,-7.3866433661999995,-2.4837498588,-5.335994397999999,0.015625,-0.6015625,0.59375
05-18-2020_14-58-08,-7.1808606226,-2.4406790519999997,-5.228317380999999,0.0390625,0.8046875,-0.171875
05-18-2020_14-58-08,-7.4368926408,-2.4741785684,-5.386243672599999,-0.5390625,-0.1953125,0.75
05-18-2020_14-58-08,-7.3890361888,-2.4861426814,-5.407779076,0.0703125,0.2265625,0.203125
05-18-2020_14-58-09,-7.3531438497999995,-2.4215364712,-5.3814580274,0.203125,0.1875,0.3515625
05-18-2020_14-58-09,-7.319644333399999,-2.4143580034,-5.2785666556,-0.4375,-0.1328125,0.515625
05-18-2020_14-58-09,-7.334001268999999,-2.4622144554000003,-5.312066171999999,0.015625,-0.140625,0.65625
05-18-2020_14-58-09,-7.391429011399999,-2.4023938904,-5.328815930199999,-0.2109375,-0.3828125,0.1796875
05-18-2020_14-58-09,-7.3052873978,-2.5004996169999996,-5.2402814939999995,-0.015625,0.3046875,0.3203125
05-18-2020_14-58-09,-7.429714172999999,-2.4957139718,-5.407779076,-0.1015625,-0.046875,0.1875
05-18-2020_14-58-09,-7.3866433661999995,-2.4933211492,-5.38385085,-0.1484375,0.21875,0.265625
05-18-2020_14-58-09,-7.381857720999999,-2.4957139718,-5.3096733494,-0.0390625,-0.1484375,0.3828125
05-18-2020_14-58-10,-7.5302127222,-2.5148565526,-5.4364929472,-0.34375,0.109375,0.15625
05-18-2020_14-58-10,-7.3603223176,-2.5196421977999996,-5.38385085,-0.421875,0.3359375,0.234375
05-18-2020_14-58-10,-7.3651079628,-2.4670001006,-5.3766723822,-0.1328125,0.140625,0.1328125
05-18-2020_14-58-10,-7.3244299786,-2.428714939,-5.371886736999999,-0.2421875,0.21875,0.453125
05-18-2020_14-58-10,-7.334001268999999,-2.4335005842,-5.326423107599999,-0.1875,-0.09375,0.625
05-18-2020_14-58-10,-7.369893607999999,-2.4454646972,-5.3336015754,-0.140625,-0.015625,0.484375
05-18-2020_14-58-10,-7.3531438497999995,-2.4311077616,-5.350351333599999,-0.171875,-0.2734375,0.4140625
05-18-2020_14-58-10,-7.3770720758,-2.4454646972,-5.391029317799999,0.1484375,-0.171875,0.5390625
05-18-2020_14-58-10,-7.367500785399999,-2.4047867129999996,-5.3694939144,-0.0625,-0.03125,0.7421875
05-18-2020_14-58-11,-7.3244299786,-2.4717857457999997,-5.3814580274,0.046875,0.1875,0.15625
05-18-2020_14-58-11,-7.3052873978,-2.4430718745999997,-5.391029317799999,-0.234375,0.1171875,0.3046875
05-18-2020_14-58-11,-7.252645300599999,-2.524427843,-5.3934221404,-0.4765625,-0.09375,0.34375
05-18-2020_14-58-11,-7.334001268999999,-2.4191436485999995,-5.410171898599999,-0.078125,-0.109375,0.3984375
05-18-2020_14-58-11,-7.343572559399999,-2.4478575198,-5.3455656884,-0.0390625,-0.15625,0.6328125
05-18-2020_14-58-11,-7.3411797368,-2.476571391,-5.3551369788,-0.1796875,0.234375,0.4765625
05-18-2020_14-58-11,-7.343572559399999,-2.4311077616,-5.3694939144,-0.03125,0.0703125,0.3515625
05-18-2020_14-58-11,-7.3627151402,-2.4095723581999997,-5.371886736999999,-0.4765625,-0.2578125,0.53125
05-18-2020_14-58-11,-7.3603223176,-2.4550359876,-5.374279559599999,-0.25,-0.625,0.2421875
05-18-2020_14-58-12,-7.3603223176,-2.4430718745999997,-5.350351333599999,0.21875,0.28125,0.2578125
05-18-2020_14-58-12,-7.343572559399999,-2.4478575198,-5.391029317799999,-0.0390625,-0.0859375,0.4765625
05-18-2020_14-58-12,-7.3411797368,-2.4622144554000003,-5.3766723822,-0.0078125,-0.1875,0.484375
05-18-2020_14-58-12,-7.350751027199999,-2.4335005842,-5.371886736999999,0.1171875,-0.109375,0.421875
05-18-2020_14-58-12,-7.3531438497999995,-2.464607278,-5.3671010917999995,-0.1015625,-0.0859375,0.609375
05-18-2020_14-58-12,-7.345965381999999,-2.4550359876,-5.374279559599999,-0.1640625,-0.0859375,0.453125
05-18-2020_14-58-12,-7.3387869142,-2.4526431649999996,-5.3575298014,0.03125,0.015625,0.5234375
05-18-2020_14-58-12,-7.343572559399999,-2.4406790519999997,-5.374279559599999,0.0546875,0.1875,0.140625
05-18-2020_14-58-13,-7.343572559399999,-2.4550359876,-5.3814580274,-0.3359375,-0.15625,0.4375
05-18-2020_14-58-13,-7.3651079628,-2.4335005842,-5.3671010917999995,-0.28125,0.234375,0.421875
05-18-2020_14-58-13,-7.348358204599999,-2.4454646972,-5.386243672599999,-0.28125,0.046875,0.4453125
05-18-2020_14-58-13,-7.3411797368,-2.4430718745999997,-5.3551369788,-0.3125,-0.1328125,0.1484375
05-18-2020_14-58-13,-7.3531438497999995,-2.4454646972,-5.374279559599999,-0.2578125,-0.0078125,0.2734375
05-18-2020_14-58-13,-7.3387869142,-2.4502503424,-5.362315446599999,0.15625,0.0234375,0.203125
05-18-2020_14-58-13,-7.3531438497999995,-2.4502503424,-5.3431728658,-0.0625,-0.34375,0.3046875
05-18-2020_14-58-13,-7.3363940916,-2.4311077616,-5.3551369788,-0.15625,-0.0078125,0.390625
05-18-2020_14-58-13,-7.348358204599999,-2.4478575198,-5.3551369788,-0.34375,-0.0078125,0.7109375
05-18-2020_14-58-14,-7.3531438497999995,-2.4478575198,-5.362315446599999,0.0546875,-0.1640625,0.40625
05-18-2020_14-58-14,-7.355536672399999,-2.4454646972,-5.3383872206,-0.046875,0.03125,0.328125
05-18-2020_14-58-14,-7.3363940916,-2.4358934068,-5.359922623999999,-0.2890625,-0.046875,0.3984375
05-18-2020_14-58-14,-7.343572559399999,-2.4598216327999998,-5.3694939144,-0.2265625,-0.109375,0.2578125
05-18-2020_14-58-14,-7.350751027199999,-2.4335005842,-5.324030284999999,-0.40625,0.1328125,0.4296875
05-18-2020_14-58-14,-7.3411797368,-2.4430718745999997,-5.3575298014,-0.3984375,0.140625,0.484375
05-18-2020_14-58-14,-7.345965381999999,-2.4478575198,-5.364708269199999,0.0390625,-0.078125,0.5546875
05-18-2020_14-58-14,-7.348358204599999,-2.4502503424,-5.371886736999999,-0.1171875,0.375,0.5625
05-18-2020_14-58-14,-7.345965381999999,-2.4454646972,-5.3694939144,-0.046875,-0.1328125,0.625
05-18-2020_14-58-15,-7.3603223176,-2.4382862293999996,-5.371886736999999,-0.4375,0.0703125,0.171875
05-18-2020_14-58-15,-7.348358204599999,-2.4430718745999997,-5.324030284999999,-0.265625,-0.2109375,0.3046875
05-18-2020_14-58-15,-7.357929495,-2.4382862293999996,-5.3455656884,-0.203125,-0.0859375,0.125
05-18-2020_14-58-15,-7.3411797368,-2.4478575198,-5.350351333599999,-0.125,-0.03125,0.53125
05-18-2020_14-58-15,-7.3363940916,-2.4311077616,-5.350351333599999,-0.1484375,-0.0703125,0.2578125
05-18-2020_14-58-15,-7.334001268999999,-2.4478575198,-5.386243672599999,-0.1484375,-0.21875,0.4921875
05-18-2020_14-58-15,-7.345965381999999,-2.4478575198,-5.3551369788,0.1640625,0.2265625,-0.1875
05-18-2020_14-58-15,-7.348358204599999,-2.4622144554000003,-5.38385085,0.3984375,0.21875,0.5703125
05-18-2020_14-58-16,-7.357929495,-2.4358934068,-5.347958510999999,-0.4609375,-0.015625,0.2109375
05-18-2020_14-58-16,-7.348358204599999,-2.4358934068,-5.3575298014,-0.1484375,-0.21875,0.140625
05-18-2020_14-58-16,-7.350751027199999,-2.4550359876,-5.3790652048,-0.0703125,0.2421875,0.3828125
05-18-2020_14-58-16,-7.3531438497999995,-2.4598216327999998,-5.364708269199999,-0.28125,-0.0078125,0.328125
05-18-2020_14-58-16,-7.3603223176,-2.4526431649999996,-5.362315446599999,-0.3828125,0.078125,0.0
05-18-2020_14-58-16,-7.348358204599999,-2.4406790519999997,-5.3694939144,-0.0625,-0.015625,0.078125
05-18-2020_14-58-16,-7.3363940916,-2.4550359876,-5.3766723822,-0.0625,-0.234375,0.2265625
05-18-2020_14-58-16,-7.3651079628,-2.4502503424,-5.374279559599999,-0.0234375,-0.15625,0.5078125
05-18-2020_14-58-16,-7.348358204599999,-2.4358934068,-5.364708269199999,-0.15625,0.234375,0.5234375
05-18-2020_14-58-17,-7.350751027199999,-2.4526431649999996,-5.3551369788,0.0234375,-0.046875,0.4296875
05-18-2020_14-58-17,-7.357929495,-2.4406790519999997,-5.335994397999999,-0.375,-0.2109375,0.4921875
05-18-2020_14-58-17,-7.348358204599999,-2.4430718745999997,-5.374279559599999,-0.0625,-0.2109375,0.2578125
05-18-2020_14-58-17,-7.343572559399999,-2.4526431649999996,-5.362315446599999,0.2109375,-0.140625,0.4453125
05-18-2020_14-58-17,-7.3387869142,-2.4406790519999997,-5.374279559599999,0.046875,0.015625,0.453125
05-18-2020_14-58-17,-7.3363940916,-2.4406790519999997,-5.328815930199999,0.203125,0.0546875,0.2734375
05-18-2020_14-58-17,-7.348358204599999,-2.4598216327999998,-5.3551369788,-0.1328125,0.1171875,0.2109375
05-18-2020_14-58-17,-7.350751027199999,-2.4454646972,-5.371886736999999,-0.3046875,-0.109375,0.3828125
05-18-2020_14-58-17,-7.3387869142,-2.4598216327999998,-5.371886736999999,-0.25,-0.0703125,0.3359375
05-18-2020_14-58-18,-7.355536672399999,-2.4382862293999996,-5.359922623999999,-0.2578125,0.078125,0.6328125
05-18-2020_14-58-18,-7.334001268999999,-2.4358934068,-5.364708269199999,-0.2109375,0.0703125,0.2265625
05-18-2020_14-58-18,-7.345965381999999,-2.4430718745999997,-5.371886736999999,0.0859375,-0.0234375,0.265625
05-18-2020_14-58-18,-7.345965381999999,-2.4502503424,-5.347958510999999,0.1640625,-0.0859375,0.234375
05-18-2020_14-58-18,-7.3387869142,-2.4406790519999997,-5.359922623999999,-0.1875,-0.359375,0.296875
05-18-2020_14-58-18,-7.3411797368,-2.4358934068,-5.374279559599999,-0.109375,-0.2734375,0.3203125
05-18-2020_14-58-18,-7.350751027199999,-2.4478575198,-5.371886736999999,0.3203125,0.1171875,0.609375
05-18-2020_14-58-18,-7.3292156238,-2.4550359876,-5.359922623999999,-0.0390625,-0.15625,0.6484375
05-18-2020_14-58-19,-7.355536672399999,-2.4574288101999997,-5.347958510999999,-0.5546875,-0.1171875,0.3359375
05-18-2020_14-58-19,-7.345965381999999,-2.4550359876,-5.350351333599999,-0.046875,-0.1328125,0.3203125
05-18-2020_14-58-19,-7.348358204599999,-2.4598216327999998,-5.3455656884,-0.5,0.1953125,0.515625
05-18-2020_14-58-19,-7.3531438497999995,-2.4526431649999996,-5.359922623999999,-0.6875,-0.015625,0.3671875
05-18-2020_14-58-19,-7.355536672399999,-2.4550359876,-5.3551369788,0.0078125,0.0390625,0.3125
05-18-2020_14-58-19,-7.331608446399999,-2.4358934068,-5.347958510999999,-0.15625,0.0546875,0.3515625
05-18-2020_14-58-19,-7.3363940916,-2.4526431649999996,-5.3790652048,0.078125,0.078125,0.4296875
05-18-2020_14-58-19,-7.384250543599999,-2.4693929231999996,-5.3551369788,0.0078125,0.0546875,0.2734375
05-18-2020_14-58-19,-7.355536672399999,-2.4191436485999995,-5.335994397999999,-0.5078125,0.046875,0.1328125
05-18-2020_14-58-20,-7.343572559399999,-2.4550359876,-5.3766723822,-0.09375,0.1171875,0.1328125
05-18-2020_14-58-20,-7.331608446399999,-2.4526431649999996,-5.3407800432,-0.3359375,0.015625,0.4296875
05-18-2020_14-58-20,-7.367500785399999,-2.4526431649999996,-5.350351333599999,-0.0078125,0.0859375,-0.3203125
05-18-2020_14-58-20,-7.2670022362,-2.3904297774,-5.2618168974,0.1484375,0.421875,-0.109375
05-18-2020_14-58-20,-7.355536672399999,-2.4670001006,-5.3766723822,-0.015625,0.015625,0.71875
05-18-2020_14-58-20,-7.348358204599999,-2.4311077616,-5.3575298014,0.015625,-0.125,0.6015625
05-18-2020_14-58-20,-7.393821833999999,-2.4071795355999996,-5.324030284999999,-0.28125,0.1953125,0.1953125
05-18-2020_14-58-20,-7.343572559399999,-2.4215364712,-5.359922623999999,-0.2109375,-0.109375,0.6484375
05-18-2020_14-58-20,-7.3651079628,-2.4406790519999997,-5.352744156199999,-0.28125,0.1953125,0.265625
05-18-2020_14-58-21,-7.3627151402,-2.4598216327999998,-5.3694939144,-0.0703125,0.28125,0.25
05-18-2020_14-58-21,-7.350751027199999,-2.4598216327999998,-5.388636495199999,-0.171875,-0.3828125,0.53125
05-18-2020_14-58-21,-7.3268228012,-2.4454646972,-5.3575298014,0.125,-0.109375,0.3671875
05-18-2020_14-58-21,-7.3411797368,-2.4454646972,-5.3766723822,0.0234375,-0.1640625,0.34375
05-18-2020_14-58-21,-7.348358204599999,-2.4502503424,-5.364708269199999,-0.1953125,0.1328125,0.171875
05-18-2020_14-58-21,-7.357929495,-2.4454646972,-5.3383872206,-0.0859375,-0.2734375,0.546875
05-18-2020_14-58-21,-7.350751027199999,-2.4574288101999997,-5.3790652048,0.0234375,0.1328125,-0.015625
05-18-2020_14-58-21,-7.3387869142,-2.4478575198,-5.371886736999999,-0.3359375,-0.0078125,0.2734375
05-18-2020_14-58-22,-7.3387869142,-2.428714939,-5.3383872206,0.25,-0.0390625,0.34375
05-18-2020_14-58-22,-7.355536672399999,-2.4526431649999996,-5.347958510999999,-0.09375,0.03125,0.1875
05-18-2020_14-58-22,-7.348358204599999,-2.4478575198,-5.359922623999999,-0.234375,0.0078125,0.2734375
05-18-2020_14-58-22,-7.345965381999999,-2.4358934068,-5.3575298014,-0.125,-0.109375,0.359375
05-18-2020_14-58-22,-7.3387869142,-2.4454646972,-5.350351333599999,0.3828125,0.3828125,0.53125
05-18-2020_14-58-22,-7.3531438497999995,-2.4430718745999997,-5.352744156199999,-0.2890625,-0.359375,0.2421875
05-18-2020_14-58-22,-7.343572559399999,-2.4502503424,-5.3671010917999995,-0.21875,0.1171875,0.3671875
05-18-2020_14-58-22,-7.345965381999999,-2.4478575198,-5.3671010917999995,-0.3125,0.03125,0.5390625
05-18-2020_14-58-22,-7.331608446399999,-2.4382862293999996,-5.371886736999999,-0.5546875,-0.1796875,0.4296875
05-18-2020_14-58-23,-7.3411797368,-2.4382862293999996,-5.3694939144,-0.2265625,-0.09375,0.3984375
05-18-2020_14-58-23,-7.3387869142,-2.4358934068,-5.3551369788,-0.3515625,-0.1171875,0.5703125
05-18-2020_14-58-23,-7.3531438497999995,-2.4358934068,-5.3790652048,-0.2890625,-0.28125,0.4765625
05-18-2020_14-58-23,-7.3363940916,-2.4335005842,-5.3671010917999995,-0.21875,0.171875,0.4765625
05-18-2020_14-58-23,-7.348358204599999,-2.4430718745999997,-5.374279559599999,-0.3125,0.0078125,0.5
05-18-2020_14-58-23,-7.357929495,-2.4382862293999996,-5.3694939144,0.0078125,0.1640625,0.453125
05-18-2020_14-58-23,-7.355536672399999,-2.4693929231999996,-5.371886736999999,-0.078125,-0.03125,0.125
05-18-2020_14-58-23,-7.3627151402,-2.4382862293999996,-5.359922623999999,0.3671875,0.2421875,0.625
05-18-2020_14-58-23,-7.343572559399999,-2.4406790519999997,-5.364708269199999,-0.3203125,0.03125,0.40625
05-18-2020_14-58-24,-7.3531438497999995,-2.4335005842,-5.352744156199999,-0.3046875,-0.2734375,0.3828125
05-18-2020_14-58-24,-7.286144816999999,-2.3617159061999997,-5.2953164138,-0.359375,0.1171875,0.390625
05-18-2020_14-58-24,-7.372286430599999,-2.4550359876,-5.3934221404,0.3125,-0.1484375,0.3828125
05-18-2020_14-58-24,-7.3411797368,-2.4622144554000003,-5.38385085,-0.4765625,-0.046875,0.34375
05-18-2020_14-58-24,-7.334001268999999,-2.4598216327999998,-5.362315446599999,-0.3125,-0.046875,0.1796875
05-18-2020_14-58-24,-7.343572559399999,-2.4670001006,-5.371886736999999,0.0703125,0.0859375,0.3359375
