time,g_x,g_y,g_z,a_x,a_y,a_z
11-19-2020_05-24-27,0.0765703232,-3.4025937371999997,9.6454679006,1.6015625,0.25,0.4453125
11-19-2020_05-24-27,0.0789631458,-3.3930224467999994,9.647860723199999,1.3046875,0.125,0.3125
11-19-2020_05-24-27,0.07178467799999999,-3.4025937371999997,9.6454679006,1.21875,0.125,0.4140625
11-19-2020_05-24-27,0.07417750059999999,-3.4145578501999996,9.6574320136,2.0078125,0.140625,0.484375
11-19-2020_05-24-27,0.07417750059999999,-3.4193434953999997,9.6454679006,1.6796875,0.3515625,0.1796875
11-19-2020_05-24-28,0.0669990328,-3.4217363179999998,9.6406822554,1.171875,0.3125,0.4375
11-19-2020_05-24-28,0.0765703232,-3.4073793824,9.633503787599999,1.328125,0.46875,0.3046875
11-19-2020_05-24-28,0.0669990328,-3.4145578501999996,9.6358966102,1.1484375,0.2421875,0.1796875
11-19-2020_05-24-28,0.0669990328,-3.3930224467999994,9.6406822554,1.359375,0.0703125,0.4140625
11-19-2020_05-24-28,0.0789631458,-3.3930224467999994,9.6239324972,0.8828125,0.1953125,0.1484375
11-19-2020_05-24-28,0.08135596839999999,-3.4121650275999995,9.6358966102,1.3984375,0.3359375,0.4453125
11-19-2020_05-24-28,0.0693918554,-3.4049865597999993,9.6358966102,1.84375,0.3984375,0.1796875
11-19-2020_05-24-28,0.07417750059999999,-3.4073793824,9.638289432799999,1.5390625,0.2265625,0.3359375
11-19-2020_05-24-28,0.0789631458,-3.4217363179999998,9.638289432799999,1.6953125,0.3984375,0.4140625
11-19-2020_05-24-28,0.0765703232,-3.4241291405999994,9.631110965,1.234375,0.375,0.4140625
11-19-2020_05-24-29,0.05503491979999999,-3.4217363179999998,9.6358966102,1.0,0.1953125,0.3671875
11-19-2020_05-24-29,0.0693918554,-3.4169506728,9.650253545799998,1.1484375,0.484375,0.0703125
11-19-2020_05-24-29,0.052642097199999995,-3.4241291405999994,9.6239324972,1.4921875,0.328125,0.390625
11-19-2020_05-24-29,0.0669990328,-3.4002009145999996,9.655039190999998,1.3046875,-0.28125,0.328125
11-19-2020_05-24-29,0.0861416136,-3.4073793824,9.6263253198,1.6953125,0.0546875,0.328125
11-19-2020_05-24-29,0.057427742399999995,-3.4002009145999996,9.643075077999999,1.6015625,0.4765625,0.34375
11-19-2020_05-24-29,0.07417750059999999,-3.4049865597999993,9.6358966102,1.8359375,0.578125,0.203125
11-19-2020_05-24-29,0.07178467799999999,-3.4121650275999995,9.638289432799999,1.4921875,0.2109375,0.390625
11-19-2020_05-24-29,0.0861416136,-3.4073793824,9.6263253198,1.53125,0.15625,0.125
11-19-2020_05-24-30,0.0693918554,-3.4073793824,9.647860723199999,1.46875,0.234375,0.390625
11-19-2020_05-24-30,0.07178467799999999,-3.4169506728,9.628718142399999,1.515625,0.4453125,0.3671875
11-19-2020_05-24-30,0.047856451999999994,-3.4121650275999995,9.628718142399999,1.453125,0.453125,0.265625
11-19-2020_05-24-30,0.07417750059999999,-3.4073793824,9.6454679006,1.28125,0.0703125,0.3125
11-19-2020_05-24-30,0.07417750059999999,-3.4073793824,9.6358966102,1.65625,0.1953125,0.3125
11-19-2020_05-24-30,0.07178467799999999,-3.4241291405999994,9.6215396746,1.359375,0.3125,0.3125
11-19-2020_05-24-30,0.07417750059999999,-3.4145578501999996,9.6598248362,1.5390625,0.6171875,0.0546875
11-19-2020_05-24-30,0.057427742399999995,-3.4121650275999995,9.643075077999999,1.6328125,0.3671875,0.34375
11-19-2020_05-24-31,0.07417750059999999,-3.4121650275999995,9.6574320136,2.046875,0.5625,0.40625
11-19-2020_05-24-31,0.07178467799999999,-3.4169506728,9.631110965,1.234375,0.1796875,0.2578125
11-19-2020_05-24-31,0.07178467799999999,-3.409772205,9.6454679006,1.3828125,0.125,0.0703125
11-19-2020_05-24-31,0.0693918554,-3.4121650275999995,9.633503787599999,1.2421875,0.3203125,0.2890625
11-19-2020_05-24-31,0.0693918554,-3.4073793824,9.6406822554,1.234375,0.234375,0.3046875
11-19-2020_05-24-31,0.05503491979999999,-3.409772205,9.633503787599999,1.3515625,0.1640625,0.1875
11-19-2020_05-24-31,0.07178467799999999,-3.4025937371999997,9.643075077999999,1.3828125,0.03125,0.328125
11-19-2020_05-24-31,0.0646062102,-3.409772205,9.6095755616,1.2578125,0.3359375,0.2890625
11-19-2020_05-24-31,0.08374879099999999,-3.4073793824,9.650253545799998,1.2421875,0.109375,0.4453125
11-19-2020_05-24-32,0.07417750059999999,-3.4073793824,9.643075077999999,1.625,0.1171875,0.234375
11-19-2020_05-24-32,0.07178467799999999,-3.4049865597999993,9.6358966102,0.6796875,-0.109375,0.1796875
11-19-2020_05-24-32,0.08374879099999999,-3.4002009145999996,9.6358966102,1.4296875,0.2578125,0.515625
11-19-2020_05-24-32,0.07178467799999999,-3.4145578501999996,9.6574320136,1.9296875,0.40625,0.2890625
11-19-2020_05-24-32,0.0669990328,-3.4145578501999996,9.650253545799998,1.078125,0.3515625,0.2890625
11-19-2020_05-24-32,0.062213387599999996,-3.4241291405999994,9.638289432799999,1.765625,0.15625,0.5234375
11-19-2020_05-24-32,0.0693918554,-3.4169506728,9.628718142399999,1.5078125,0.1953125,0.359375
11-19-2020_05-24-32,0.0693918554,-3.4025937371999997,9.643075077999999,1.421875,-0.03125,0.453125
11-19-2020_05-24-32,0.0765703232,-3.4145578501999996,9.638289432799999,1.3046875,0.4296875,0.1328125
11-19-2020_05-24-32,0.07178467799999999,-3.4073793824,9.628718142399999,1.3359375,0.296875,0.1484375
11-19-2020_05-24-33,0.07178467799999999,-3.4049865597999993,9.650253545799998,1.515625,0.2109375,0.5234375
11-19-2020_05-24-33,0.08135596839999999,-3.4121650275999995,9.6406822554,1.2421875,0.359375,0.3671875
11-19-2020_05-24-33,0.07178467799999999,-3.4217363179999998,9.643075077999999,1.6015625,0.2109375,0.3359375
11-19-2020_05-24-33,0.07178467799999999,-3.4169506728,9.6526463684,1.4453125,0.203125,0.3671875
11-19-2020_05-24-33,0.08135596839999999,-3.4241291405999994,9.628718142399999,1.5078125,0.1875,0.1875
11-19-2020_05-24-33,0.0885344362,-3.4121650275999995,9.6239324972,1.5625,0.2265625,0.484375
11-19-2020_05-24-33,0.09332008139999999,-3.4145578501999996,9.628718142399999,1.5078125,-0.09375,0.4921875
11-19-2020_05-24-33,0.05982056499999999,-3.4241291405999994,9.664610481399999,1.75,0.421875,0.1328125
11-19-2020_05-24-33,0.07178467799999999,-3.4002009145999996,9.614361206799998,1.65625,0.2734375,0.328125
11-19-2020_05-24-34,0.07178467799999999,-3.4169506728,9.6358966102,1.28125,0.1796875,0.265625
11-19-2020_05-24-34,0.0646062102,-3.4049865597999993,9.6358966102,1.4453125,0.3203125,0.1328125
11-19-2020_05-24-34,0.0765703232,-3.4025937371999997,9.638289432799999,1.9375,0.15625,0.2265625
11-19-2020_05-24-34,0.07178467799999999,-3.4073793824,9.628718142399999,1.3125,0.3125,0.15625
11-19-2020_05-24-34,0.09092725879999998,-3.4193434953999997,9.6454679006,1.671875,0.4375,0.671875
11-19-2020_05-24-34,0.062213387599999996,-3.4049865597999993,9.633503787599999,1.328125,0.109375,0.3046875
11-19-2020_05-24-34,0.05503491979999999,-3.3954152693999995,9.6598248362,1.6484375,0.578125,0.265625
11-19-2020_05-24-34,0.0789631458,-3.4265219632,9.6358966102,1.3125,0.1484375,0.421875
11-19-2020_05-24-34,0.07178467799999999,-3.4145578501999996,9.6526463684,1.453125,0.234375,0.2109375
11-19-2020_05-24-35,0.062213387599999996,-3.4025937371999997,9.631110965,1.6328125,0.0390625,0.234375
11-19-2020_05-24-35,0.07417750059999999,-3.409772205,9.647860723199999,1.28125,0.046875,0.28125
11-19-2020_05-24-35,0.057427742399999995,-3.4241291405999994,9.631110965,1.46875,0.5390625,0.28125
11-19-2020_05-24-35,0.0693918554,-3.4169506728,9.638289432799999,1.1640625,0.453125,0.3359375
11-19-2020_05-24-35,0.07178467799999999,-3.3810583337999995,9.643075077999999,1.1171875,0.453125,0.4453125
11-19-2020_05-24-35,0.08135596839999999,-3.4265219632,9.633503787599999,1.6015625,0.265625,0.390625
11-19-2020_05-24-35,0.062213387599999996,-3.409772205,9.6406822554,1.6953125,0.3984375,0.3125
11-19-2020_05-24-35,0.0885344362,-3.4049865597999993,9.647860723199999,1.578125,0.328125,0.3359375
11-19-2020_05-24-35,0.0669990328,-3.4169506728,9.667003304,1.625,0.3671875,0.078125
11-19-2020_05-24-36,0.0765703232,-3.4145578501999996,9.6454679006,1.28125,0.4453125,0.4921875
11-19-2020_05-24-36,0.0669990328,-3.4193434953999997,9.638289432799999,0.9375,0.1953125,0.046875
11-19-2020_05-24-36,0.07417750059999999,-3.4049865597999993,9.628718142399999,1.625,-0.015625,0.1328125
11-19-2020_05-24-36,0.07417750059999999,-3.409772205,9.669396126599999,1.078125,0.2734375,0.265625
11-19-2020_05-24-36,0.0646062102,-3.4121650275999995,9.6454679006,1.1953125,0.0625,0.3671875
11-19-2020_05-24-36,0.0693918554,-3.4169506728,9.631110965,1.5546875,0.3828125,0.3125
11-19-2020_05-24-36,0.0646062102,-3.4073793824,9.6215396746,1.8125,-0.015625,0.1484375
11-19-2020_05-24-36,0.0669990328,-3.4073793824,9.6215396746,1.4453125,0.3203125,0.265625
11-19-2020_05-24-36,0.0789631458,-3.4073793824,9.633503787599999,1.4453125,0.0078125,0.2578125
11-19-2020_05-24-37,0.0765703232,-3.4002009145999996,9.6358966102,0.953125,0.203125,0.46875
11-19-2020_05-24-37,0.0646062102,-3.4025937371999997,9.619146851999998,1.625,0.0625,0.5234375
11-19-2020_05-24-37,0.08135596839999999,-3.4241291405999994,9.6358966102,1.078125,0.1484375,0.359375
11-19-2020_05-24-37,0.07417750059999999,-3.4025937371999997,9.628718142399999,1.1015625,0.28125,0.2421875
11-19-2020_05-24-37,0.0669990328,-3.4169506728,9.638289432799999,1.3515625,0.0234375,0.5234375
11-19-2020_05-24-37,0.062213387599999996,-3.409772205,9.633503787599999,1.375,0.140625,0.2421875
11-19-2020_05-24-37,0.07178467799999999,-3.409772205,9.628718142399999,1.234375,0.4296875,0.03125
11-19-2020_05-24-37,0.0693918554,-3.4169506728,9.638289432799999,1.5078125,0.078125,0.515625
11-19-2020_05-24-37,0.05982056499999999,-3.4121650275999995,9.678967416999999,1.109375,-0.109375,0.4140625
11-19-2020_05-24-38,0.0693918554,-3.4025937371999997,9.650253545799998,1.140625,0.2578125,0.390625
11-19-2020_05-24-38,0.0861416136,-3.4265219632,9.6454679006,1.6484375,0.4765625,0.4140625
11-19-2020_05-24-38,0.05982056499999999,-3.4145578501999996,9.6215396746,1.1015625,0.21875,0.2109375
11-19-2020_05-24-38,0.062213387599999996,-3.4049865597999993,9.6358966102,1.21875,0.6171875,0.28125
11-19-2020_05-24-38,0.0789631458,-3.4049865597999993,9.633503787599999,1.0703125,0.203125,0.2109375
11-19-2020_05-24-38,0.0646062102,-3.4002009145999996,9.6239324972,1.453125,0.1796875,0.4453125
11-19-2020_05-24-38,0.07417750059999999,-3.409772205,9.643075077999999,1.2421875,-0.0078125,0.4609375
11-19-2020_05-24-38,0.08135596839999999,-3.4121650275999995,9.650253545799998,1.4609375,-0.078125,0.3828125
11-19-2020_05-24-38,0.07417750059999999,-3.3954152693999995,9.633503787599999,1.359375,0.296875,0.328125
11-19-2020_05-24-39,0.07178467799999999,-3.4121650275999995,9.6526463684,1.6484375,0.4765625,0.2578125
11-19-2020_05-24-39,0.08135596839999999,-3.4049865597999993,9.638289432799999,1.2109375,0.0234375,0.1640625
11-19-2020_05-24-39,0.05982056499999999,-3.4073793824,9.631110965,1.171875,0.1796875,0.2109375
11-19-2020_05-24-39,0.07178467799999999,-3.4193434953999997,9.650253545799998,1.3359375,0.4140625,0.46875
11-19-2020_05-24-39,0.0765703232,-3.4193434953999997,9.633503787599999,1.2421875,0.3515625,0.2890625
11-19-2020_05-24-39,0.09092725879999998,-3.4289147858,9.655039190999998,1.5078125,0.1875,0.2421875
11-19-2020_05-24-39,0.0693918554,-3.4289147858,9.6215396746,1.9296875,0.2265625,0.4921875
11-19-2020_05-24-39,0.0693918554,-3.4241291405999994,9.647860723199999,1.4765625,0.171875,0.1015625
11-19-2020_05-24-39,0.0789631458,-3.4121650275999995,9.6406822554,1.0,0.0234375,0.1484375
11-19-2020_05-24-40,0.08135596839999999,-3.4193434953999997,9.674181771799999,1.40625,0.3125,0.5234375
11-19-2020_05-24-40,0.0646062102,-3.4217363179999998,9.631110965,1.328125,0.296875,0.1640625
11-19-2020_05-24-40,0.05503491979999999,-3.4121650275999995,9.6358966102,1.234375,0.4453125,0.3828125
11-19-2020_05-24-40,0.08374879099999999,-3.4002009145999996,9.655039190999998,1.4453125,0.140625,0.5234375
11-19-2020_05-24-40,0.0693918554,-3.4121650275999995,9.631110965,1.1640625,0.125,0.359375
11-19-2020_05-24-40,0.0669990328,-3.4049865597999993,9.628718142399999,1.421875,-0.0625,0.40625
11-19-2020_05-24-40,0.0669990328,-3.4073793824,9.619146851999998,1.1640625,0.40625,0.28125
11-19-2020_05-24-40,0.07178467799999999,-3.397808092,9.628718142399999,1.390625,-0.2421875,0.484375
11-19-2020_05-24-40,0.0789631458,-3.4121650275999995,9.6239324972,1.046875,0.5234375,0.1875
11-19-2020_05-24-41,0.052642097199999995,-3.4049865597999993,9.631110965,1.703125,-0.015625,0.0859375
11-19-2020_05-24-41,0.0693918554,-3.4025937371999997,9.638289432799999,1.265625,0.0703125,0.0078125
11-19-2020_05-24-41,0.0765703232,-3.4193434953999997,9.614361206799998,1.6796875,0.328125,0.390625
11-19-2020_05-24-41,0.07178467799999999,-3.4049865597999993,9.628718142399999,1.1953125,0.375,0.125
11-19-2020_05-24-41,0.0646062102,-3.4121650275999995,9.6263253198,1.03125,0.390625,0.2890625
11-19-2020_05-24-41,0.0789631458,-3.4169506728,9.6263253198,1.4921875,0.09375,0.2578125
11-19-2020_05-24-41,0.0765703232,-3.4265219632,9.631110965,1.3125,0.1953125,0.3046875
11-19-2020_05-24-41,0.0789631458,-3.4049865597999993,9.650253545799998,1.515625,0.3828125,0.3125
11-19-2020_05-24-41,0.0789631458,-3.4121650275999995,9.631110965,1.125,0.1796875,0.2890625
11-19-2020_05-24-42,0.0765703232,-3.4049865597999993,9.6454679006,1.2890625,0.0703125,0.359375
11-19-2020_05-24-42,0.07178467799999999,-3.4073793824,9.650253545799998,1.765625,0.078125,0.4375
11-19-2020_05-24-42,0.07178467799999999,-3.4217363179999998,9.6454679006,1.28125,0.359375,0.328125
11-19-2020_05-24-42,0.0669990328,-3.4265219632,9.628718142399999,1.6484375,0.1875,0.4375
11-19-2020_05-24-42,0.0789631458,-3.4025937371999997,9.6215396746,1.140625,0.390625,0.3125
11-19-2020_05-24-42,0.07417750059999999,-3.409772205,9.647860723199999,1.1875,0.0078125,0.3046875
11-19-2020_05-24-42,0.0693918554,-3.4145578501999996,9.643075077999999,1.4921875,0.3671875,0.15625
11-19-2020_05-24-42,0.0789631458,-3.4145578501999996,9.6454679006,1.5859375,0.1015625,0.3046875
11-19-2020_05-24-42,0.062213387599999996,-3.4073793824,9.631110965,1.2578125,0.2578125,0.2890625
11-19-2020_05-24-43,0.07417750059999999,-3.4145578501999996,9.643075077999999,1.609375,0.140625,0.3828125
11-19-2020_05-24-43,0.062213387599999996,-3.4025937371999997,9.6454679006,1.453125,0.28125,0.265625
11-19-2020_05-24-43,0.07178467799999999,-3.4073793824,9.633503787599999,1.53125,0.1015625,0.515625
11-19-2020_05-24-43,0.0693918554,-3.409772205,9.628718142399999,1.359375,0.125,0.2578125
11-19-2020_05-24-43,0.0669990328,-3.4073793824,9.6263253198,1.65625,0.1875,0.359375
11-19-2020_05-24-43,0.07417750059999999,-3.4073793824,9.6526463684,1.359375,0.359375,0.34375
11-19-2020_05-24-43,0.0765703232,-3.3954152693999995,9.631110965,1.515625,0.2109375,0.359375
11-19-2020_05-24-43,0.0693918554,-3.4145578501999996,9.638289432799999,1.6015625,0.078125,0.1796875
11-19-2020_05-24-43,0.07178467799999999,-3.4049865597999993,9.6358966102,1.625,0.3125,0.2890625
11-19-2020_05-24-44,0.0693918554,-3.4193434953999997,9.638289432799999,1.46875,-0.0390625,0.4140625
11-19-2020_05-24-44,0.07417750059999999,-3.4313076083999996,9.647860723199999,1.3359375,0.40625,0.1484375
11-19-2020_05-24-44,0.0765703232,-3.4121650275999995,9.633503787599999,1.6796875,0.3671875,0.328125
11-19-2020_05-24-44,0.0646062102,-3.4193434953999997,9.6263253198,0.6328125,0.5859375,0.125
11-19-2020_05-24-44,0.062213387599999996,-3.4169506728,9.6406822554,1.40625,0.1015625,0.34375
11-19-2020_05-24-44,0.062213387599999996,-3.409772205,9.638289432799999,1.234375,0.2421875,0.2421875
11-19-2020_05-24-44,0.0646062102,-3.4265219632,9.643075077999999,1.3515625,0.2578125,0.078125
11-19-2020_05-24-44,0.0669990328,-3.4049865597999993,9.6358966102,1.3046875,0.1484375,0.359375
11-19-2020_05-24-44,0.07417750059999999,-3.4073793824,9.6239324972,1.6015625,0.3125,0.1015625
11-19-2020_05-24-45,0.0646062102,-3.4121650275999995,9.647860723199999,1.53125,0.3046875,0.3046875
11-19-2020_05-24-45,0.0669990328,-3.397808092,9.647860723199999,1.6796875,0.2890625,0.3828125
11-19-2020_05-24-45,0.062213387599999996,-3.4193434953999997,9.6574320136,1.5859375,0.7265625,0.3671875
11-19-2020_05-24-45,0.05503491979999999,-3.3954152693999995,9.655039190999998,1.6015625,0.2265625,0.2421875
11-19-2020_05-24-45,0.07178467799999999,-3.397808092,9.6454679006,1.3046875,0.203125,0.1640625
11-19-2020_05-24-45,0.0669990328,-3.4169506728,9.633503787599999,0.890625,0.140625,0.359375
11-19-2020_05-24-45,0.0693918554,-3.4049865597999993,9.6598248362,1.359375,0.3125,0.4140625
11-19-2020_05-24-45,0.08135596839999999,-3.4049865597999993,9.631110965,1.4921875,0.25,0.4609375
11-19-2020_05-24-45,0.07178467799999999,-3.4169506728,9.633503787599999,1.21875,-0.015625,0.4140625
11-19-2020_05-24-46,0.0861416136,-3.4193434953999997,9.6574320136,1.171875,0.1015625,0.109375
11-19-2020_05-24-46,0.0789631458,-3.4025937371999997,9.655039190999998,1.078125,0.3359375,0.4140625
11-19-2020_05-24-46,0.0765703232,-3.4145578501999996,9.650253545799998,1.453125,0.375,0.3671875
11-19-2020_05-24-46,0.08135596839999999,-3.4145578501999996,9.676574594399998,1.8125,0.2734375,0.3046875
11-19-2020_05-24-46,0.0789631458,-3.4265219632,9.643075077999999,1.6796875,0.1015625,0.3359375
11-19-2020_05-24-46,0.07417750059999999,-3.4145578501999996,9.643075077999999,1.4765625,0.0,0.2109375
11-19-2020_05-24-46,0.062213387599999996,-3.3954152693999995,9.6239324972,1.265625,0.4296875,0.28125
11-19-2020_05-24-46,0.08374879099999999,-3.4002009145999996,9.6598248362,1.1171875,0.1015625,0.3828125
11-19-2020_05-24-46,0.0693918554,-3.4169506728,9.631110965,1.578125,0.4453125,0.4453125
11-19-2020_05-24-47,0.0669990328,-3.4265219632,9.631110965,0.859375,0.1953125,0.3671875
11-19-2020_05-24-47,0.057427742399999995,-3.4025937371999997,9.6574320136,1.6953125,0.34375,0.1484375
11-19-2020_05-24-47,0.0646062102,-3.4025937371999997,9.619146851999998,1.7265625,0.3671875,0.46875
11-19-2020_05-24-47,0.057427742399999995,-3.409772205,9.6263253198,1.6796875,0.078125,0.2890625
11-19-2020_05-24-47,0.0765703232,-3.4073793824,9.6406822554,1.359375,0.3515625,0.3359375
11-19-2020_05-24-47,0.07178467799999999,-3.4049865597999993,9.631110965,1.1875,0.0859375,0.3125
11-19-2020_05-24-47,0.062213387599999996,-3.409772205,9.643075077999999,1.5078125,0.3125,0.3828125
11-19-2020_05-24-47,0.0646062102,-3.4169506728,9.6574320136,1.578125,0.3984375,0.359375
11-19-2020_05-24-47,0.0693918554,-3.4193434953999997,9.638289432799999,1.140625,-0.2578125,0.40625
11-19-2020_05-24-48,0.062213387599999996,-3.4193434953999997,9.638289432799999,1.2890625,0.125,0.1796875
11-19-2020_05-24-48,0.0765703232,-3.3954152693999995,9.638289432799999,1.2109375,0.109375,0.265625
11-19-2020_05-24-48,0.0669990328,-3.4145578501999996,9.6406822554,1.5859375,0.40625,0.421875
11-19-2020_05-24-48,0.0646062102,-3.4289147858,9.655039190999998,1.28125,0.1640625,0.2578125
11-19-2020_05-24-48,0.0646062102,-3.4289147858,9.6526463684,1.46875,0.09375,0.3359375
11-19-2020_05-24-48,0.0646062102,-3.4145578501999996,9.638289432799999,1.46875,0.1171875,0.578125
11-19-2020_05-24-48,0.0765703232,-3.409772205,9.6358966102,1.3984375,0.1015625,0.390625
11-19-2020_05-24-48,0.0693918554,-3.4025937371999997,9.643075077999999,1.3046875,0.203125,0.5703125
11-19-2020_05-24-48,0.0693918554,-3.4121650275999995,9.6406822554,1.5546875,0.484375,0.2109375
11-19-2020_05-24-49,0.0646062102,-3.4002009145999996,9.643075077999999,1.5625,0.484375,0.3125
11-19-2020_05-24-49,0.05982056499999999,-3.4121650275999995,9.619146851999998,1.125,0.28125,0.3125
11-19-2020_05-24-49,0.07178467799999999,-3.4169506728,9.6215396746,1.515625,0.2890625,0.3828125
11-19-2020_05-24-49,0.0765703232,-3.4121650275999995,9.6406822554,1.953125,0.265625,0.265625
11-19-2020_05-24-49,0.0693918554,-3.4145578501999996,9.631110965,1.515625,0.3125,0.2421875
11-19-2020_05-24-49,0.07417750059999999,-3.4025937371999997,9.6454679006,1.1875,0.21875,0.1484375
11-19-2020_05-24-49,0.0693918554,-3.409772205,9.650253545799998,1.0234375,0.390625,0.2421875
11-19-2020_05-24-49,0.0789631458,-3.4073793824,9.6358966102,1.328125,0.140625,0.3125
11-19-2020_05-24-49,0.07178467799999999,-3.4049865597999993,9.6574320136,0.8203125,0.0625,0.3671875
11-19-2020_05-24-50,0.08374879099999999,-3.409772205,9.6239324972,1.4453125,0.2578125,0.359375
11-19-2020_05-24-50,0.07178467799999999,-3.4145578501999996,9.6358966102,1.625,0.3984375,0.4453125
11-19-2020_05-24-50,0.07417750059999999,-3.4193434953999997,9.647860723199999,1.421875,0.28125,0.2890625
11-19-2020_05-24-50,0.0861416136,-3.4169506728,9.643075077999999,1.3046875,0.140625,0.1875
11-19-2020_05-24-50,0.07178467799999999,-3.397808092,9.633503787599999,1.5078125,-0.1953125,0.453125
11-19-2020_05-24-50,0.0693918554,-3.4360932535999997,9.655039190999998,1.6953125,0.484375,0.4921875
11-19-2020_05-24-50,0.0693918554,-3.4073793824,9.6406822554,2.0,0.2734375,0.234375
11-19-2020_05-24-50,0.0789631458,-3.4073793824,9.643075077999999,1.3984375,0.546875,0.328125
11-19-2020_05-24-50,0.0693918554,-3.4145578501999996,9.628718142399999,1.2109375,0.140625,0.28125
11-19-2020_05-24-51,0.05982056499999999,-3.4025937371999997,9.628718142399999,1.953125,0.6484375,0.390625
11-19-2020_05-24-51,0.0693918554,-3.4169506728,9.6358966102,1.1171875,-0.1875,0.4296875
11-19-2020_05-24-51,0.07178467799999999,-3.3954152693999995,9.638289432799999,1.40625,0.484375,0.28125
11-19-2020_05-24-51,0.07417750059999999,-3.4169506728,9.633503787599999,1.3359375,0.0703125,0.40625
11-19-2020_05-24-51,0.0789631458,-3.4193434953999997,9.631110965,1.53125,0.09375,0.3046875
11-19-2020_05-24-51,0.0885344362,-3.4169506728,9.650253545799998,1.171875,0.375,0.421875
11-19-2020_05-24-51,0.07417750059999999,-3.4073793824,9.6358966102,1.3984375,0.3125,0.2265625
11-19-2020_05-24-51,0.08374879099999999,-3.4002009145999996,9.655039190999998,1.3828125,0.3203125,0.390625
11-19-2020_05-24-51,0.0765703232,-3.4121650275999995,9.638289432799999,0.90625,0.203125,0.203125
11-19-2020_05-24-52,0.0669990328,-3.4025937371999997,9.6358966102,1.359375,0.21875,0.515625
11-19-2020_05-24-52,0.09092725879999998,-3.4121650275999995,9.6358966102,1.5390625,0.6328125,0.359375
11-19-2020_05-24-52,0.07178467799999999,-3.409772205,9.6406822554,1.9765625,0.40625,0.515625
11-19-2020_05-24-52,0.0885344362,-3.4025937371999997,9.638289432799999,1.1953125,0.125,0.1484375
11-19-2020_05-24-52,0.0789631458,-3.4145578501999996,9.6358966102,1.3359375,0.28125,0.2890625
11-19-2020_05-24-52,0.07178467799999999,-3.4121650275999995,9.6406822554,1.40625,0.390625,0.4140625
11-19-2020_05-24-52,0.05982056499999999,-3.4025937371999997,9.6454679006,1.65625,0.3984375,0.1328125
11-19-2020_05-24-52,0.057427742399999995,-3.4025937371999997,9.655039190999998,1.4453125,0.1640625,0.2578125
11-19-2020_05-24-52,0.07178467799999999,-3.4025937371999997,9.6526463684,1.3984375,0.3203125,0.2578125
11-19-2020_05-24-53,0.062213387599999996,-3.4073793824,9.638289432799999,1.46875,0.171875,0.2890625
11-19-2020_05-24-53,0.057427742399999995,-3.4121650275999995,9.6454679006,1.8828125,0.1171875,0.3046875
11-19-2020_05-24-53,0.0765703232,-3.4025937371999997,9.647860723199999,1.40625,0.296875,0.359375
11-19-2020_05-24-53,0.062213387599999996,-3.4121650275999995,9.633503787599999,1.3359375,0.6953125,0.53125
11-19-2020_05-24-53,0.0789631458,-3.3906296242,9.6454679006,1.3359375,0.484375,0.2421875
11-19-2020_05-24-53,0.0765703232,-3.3954152693999995,9.628718142399999,1.6328125,0.3515625,0.421875
11-19-2020_05-24-53,0.07178467799999999,-3.4289147858,9.6239324972,1.125,-0.0078125,0.390625
11-19-2020_05-24-53,0.0669990328,-3.409772205,9.650253545799998,1.6328125,0.3515625,0.1640625
11-19-2020_05-24-53,0.0646062102,-3.4193434953999997,9.633503787599999,1.3125,0.125,0.4921875
11-19-2020_05-24-54,0.0693918554,-3.4217363179999998,9.6358966102,1.0546875,0.0703125,0.265625
11-19-2020_05-24-54,0.07417750059999999,-3.4241291405999994,9.6598248362,1.1953125,0.03125,0.2421875
11-19-2020_05-24-54,0.0693918554,-3.4073793824,9.6526463684,1.65625,0.1875,0.4140625
11-19-2020_05-24-54,0.062213387599999996,-3.4337004309999997,9.628718142399999,1.3359375,0.453125,0.3671875
11-19-2020_05-24-54,0.07178467799999999,-3.4121650275999995,9.674181771799999,1.140625,0.1953125,0.4375
11-19-2020_05-24-54,0.07178467799999999,-3.4002009145999996,9.6454679006,1.046875,-0.03125,0.375
11-19-2020_05-24-54,0.07417750059999999,-3.4025937371999997,9.655039190999998,0.953125,0.2734375,0.2265625
11-19-2020_05-24-54,0.057427742399999995,-3.4002009145999996,9.650253545799998,1.078125,0.359375,0.359375
11-19-2020_05-24-54,0.07417750059999999,-3.4241291405999994,9.6239324972,1.328125,0.21875,0.359375
11-19-2020_05-24-55,0.062213387599999996,-3.409772205,9.628718142399999,1.3984375,0.125,0.203125
11-19-2020_05-24-55,0.062213387599999996,-3.4217363179999998,9.650253545799998,1.28125,0.3515625,0.40625
11-19-2020_05-24-55,0.07417750059999999,-3.385843979,9.667003304,1.71875,0.5625,0.203125
11-19-2020_05-24-55,0.0765703232,-3.4217363179999998,9.638289432799999,1.3046875,0.109375,0.4140625
11-19-2020_05-24-55,0.0765703232,-3.4121650275999995,9.6358966102,1.265625,0.3203125,0.421875
11-19-2020_05-24-55,0.062213387599999996,-3.4145578501999996,9.6215396746,1.234375,0.234375,0.234375
11-19-2020_05-24-55,0.08135596839999999,-3.409772205,9.650253545799998,1.359375,0.5078125,0.390625
11-19-2020_05-24-55,0.08135596839999999,-3.4145578501999996,9.647860723199999,1.7265625,0.6953125,0.171875
11-19-2020_05-24-55,0.07417750059999999,-3.4193434953999997,9.631110965,0.9140625,0.359375,0.1015625
11-19-2020_05-24-56,0.07178467799999999,-3.4002009145999996,9.6598248362,1.328125,0.40625,0.0703125
11-19-2020_05-24-56,0.0765703232,-3.4002009145999996,9.6358966102,1.65625,0.2109375,0.2890625
11-19-2020_05-24-56,0.0789631458,-3.4265219632,9.638289432799999,1.3828125,0.390625,0.3125
11-19-2020_05-24-56,0.0669990328,-3.4002009145999996,9.633503787599999,1.7421875,0.4765625,0.4453125
11-19-2020_05-24-56,0.0789631458,-3.4265219632,9.643075077999999,1.1484375,0.2734375,0.2421875
11-19-2020_05-24-56,0.07178467799999999,-3.4025937371999997,9.631110965,1.1171875,0.109375,0.28125
11-19-2020_05-24-56,0.062213387599999996,-3.4145578501999996,9.633503787599999,1.6015625,0.1328125,0.3046875
11-19-2020_05-24-56,0.0646062102,-3.4193434953999997,9.631110965,1.671875,0.1875,0.421875
11-19-2020_05-24-56,0.07417750059999999,-3.4217363179999998,9.6358966102,1.453125,0.1484375,0.15625
11-19-2020_05-24-57,0.0693918554,-3.4025937371999997,9.647860723199999,1.453125,0.3359375,0.3671875
11-19-2020_05-24-57,0.0765703232,-3.4145578501999996,9.6526463684,1.3828125,0.3359375,0.1328125
11-19-2020_05-24-57,0.07178467799999999,-3.4169506728,9.643075077999999,1.75,0.4375,0.421875
11-19-2020_05-24-57,0.08374879099999999,-3.4121650275999995,9.643075077999999,1.359375,0.0078125,0.2109375
11-19-2020_05-24-57,0.07417750059999999,-3.4265219632,9.6263253198,1.4296875,0.484375,0.15625
11-19-2020_05-24-57,0.08135596839999999,-3.4121650275999995,9.647860723199999,1.1875,0.3203125,0.125
11-19-2020_05-24-57,0.062213387599999996,-3.4217363179999998,9.6358966102,1.9296875,0.1953125,0.4375
11-19-2020_05-24-57,0.052642097199999995,-3.4121650275999995,9.628718142399999,1.390625,-0.046875,0.25
11-19-2020_05-24-57,0.0861416136,-3.4025937371999997,9.6358966102,1.1875,0.21875,0.328125
11-19-2020_05-24-58,0.0693918554,-3.4073793824,9.633503787599999,1.28125,0.5234375,0.4375
11-19-2020_05-24-58,0.062213387599999996,-3.4289147858,9.638289432799999,1.359375,0.5234375,0.34375
11-19-2020_05-24-58,0.0693918554,-3.4289147858,9.633503787599999,1.421875,0.1484375,0.5390625
11-19-2020_05-24-58,0.0789631458,-3.397808092,9.6358966102,1.359375,0.140625,0.328125
11-19-2020_05-24-58,0.05982056499999999,-3.4049865597999993,9.643075077999999,1.6328125,0.1875,0.390625
11-19-2020_05-24-58,0.0646062102,-3.4265219632,9.6574320136,1.2890625,0.3515625,0.5
11-19-2020_05-24-58,0.062213387599999996,-3.4145578501999996,9.655039190999998,1.5078125,0.3671875,0.3828125
11-19-2020_05-24-58,0.0693918554,-3.4049865597999993,9.643075077999999,1.578125,0.1171875,0.125
11-19-2020_05-24-58,0.0765703232,-3.4049865597999993,9.619146851999998,1.1953125,0.3515625,0.3046875
11-19-2020_05-24-59,0.05982056499999999,-3.4241291405999994,9.643075077999999,1.5625,0.2734375,0.359375
11-19-2020_05-24-59,0.0693918554,-3.4002009145999996,9.6215396746,1.453125,0.2421875,0.4375
11-19-2020_05-24-59,0.0693918554,-3.3930224467999994,9.631110965,1.625,0.0546875,0.234375
11-19-2020_05-24-59,0.07178467799999999,-3.3906296242,9.643075077999999,1.0078125,0.1953125,0.328125
11-19-2020_05-24-59,0.05982056499999999,-3.4025937371999997,9.628718142399999,1.6015625,0.234375,0.6171875
11-19-2020_05-24-59,0.0765703232,-3.4121650275999995,9.638289432799999,1.453125,0.5703125,0.2890625
11-19-2020_05-24-59,0.05982056499999999,-3.4145578501999996,9.650253545799998,1.4453125,0.625,0.625
11-19-2020_05-24-59,0.05982056499999999,-3.409772205,9.638289432799999,1.40625,0.3203125,0.34375
11-19-2020_05-24-59,0.0669990328,-3.4025937371999997,9.638289432799999,1.5390625,0.1171875,0.421875
11-19-2020_05-25-00,0.0669990328,-3.4145578501999996,9.667003304,1.09375,0.2734375,0.4609375
11-19-2020_05-25-00,0.07417750059999999,-3.4002009145999996,9.638289432799999,1.453125,0.4140625,0.2578125
11-19-2020_05-25-00,0.0646062102,-3.4002009145999996,9.664610481399999,1.4375,0.140625,0.0703125
11-19-2020_05-25-00,0.0789631458,-3.4073793824,9.6358966102,1.1484375,0.5234375,0.7265625
11-19-2020_05-25-00,0.07178467799999999,-3.3954152693999995,9.643075077999999,1.171875,0.3515625,0.1015625
11-19-2020_05-25-00,0.04546362939999999,-3.4169506728,9.6454679006,1.578125,0.1875,0.515625
11-19-2020_05-25-00,0.08374879099999999,-3.4049865597999993,9.6406822554,1.4453125,0.359375,0.3359375
11-19-2020_05-25-00,0.0646062102,-3.397808092,9.650253545799998,1.4453125,0.3359375,0.2421875
11-19-2020_05-25-00,0.0669990328,-3.4121650275999995,9.631110965,1.1875,0.1953125,0.28125
11-19-2020_05-25-01,0.0765703232,-3.4193434953999997,9.6574320136,1.0234375,0.4296875,0.3125
11-19-2020_05-25-01,0.0693918554,-3.4169506728,9.6526463684,1.6484375,0.3203125,0.265625
11-19-2020_05-25-01,0.0693918554,-3.4049865597999993,9.6215396746,1.5546875,0.5,0.2578125
11-19-2020_05-25-01,0.062213387599999996,-3.4121650275999995,9.6454679006,1.375,0.390625,0.2421875
11-19-2020_05-25-01,0.0693918554,-3.397808092,9.6526463684,1.2109375,0.1484375,0.515625
11-19-2020_05-25-01,0.0861416136,-3.409772205,9.638289432799999,1.125,0.359375,0.2421875
11-19-2020_05-25-01,0.0646062102,-3.4025937371999997,9.633503787599999,1.28125,0.125,0.421875
11-19-2020_05-25-01,0.05982056499999999,-3.4241291405999994,9.6526463684,1.1015625,0.21875,0.4375
11-19-2020_05-25-01,0.07178467799999999,-3.4217363179999998,9.6358966102,1.578125,0.59375,0.3359375
11-19-2020_05-25-02,0.07417750059999999,-3.4049865597999993,9.6215396746,0.9375,0.5078125,0.2109375
11-19-2020_05-25-02,0.0765703232,-3.4025937371999997,9.647860723199999,1.421875,0.0078125,0.3125
11-19-2020_05-25-02,0.07417750059999999,-3.4073793824,9.638289432799999,0.8828125,0.0703125,0.2890625
11-19-2020_05-25-02,0.0693918554,-3.4217363179999998,9.664610481399999,1.5625,0.0,0.28125
11-19-2020_05-25-02,0.08135596839999999,-3.4145578501999996,9.6239324972,1.265625,0.5703125,0.2578125
11-19-2020_05-25-02,0.07417750059999999,-3.4265219632,9.643075077999999,1.625,0.171875,0.3828125
11-19-2020_05-25-02,0.0669990328,-3.4193434953999997,9.650253545799998,1.375,0.5078125,0.3828125
11-19-2020_05-25-02,0.0765703232,-3.4073793824,9.650253545799998,1.5625,0.2109375,0.2578125
11-19-2020_05-25-02,0.05982056499999999,-3.409772205,9.669396126599999,1.65625,0.171875,0.3125
11-19-2020_05-25-03,0.062213387599999996,-3.4121650275999995,9.6215396746,1.46875,0.0546875,0.2265625
11-19-2020_05-25-03,0.0646062102,-3.409772205,9.647860723199999,1.265625,-0.015625,0.2421875
11-19-2020_05-25-03,0.0693918554,-3.397808092,9.650253545799998,1.6015625,0.2890625,0.421875
11-19-2020_05-25-03,0.05982056499999999,-3.409772205,9.631110965,1.5546875,0.3984375,0.3359375
11-19-2020_05-25-03,0.0765703232,-3.4193434953999997,9.6358966102,1.359375,0.0703125,0.15625
11-19-2020_05-25-03,0.0693918554,-3.4217363179999998,9.638289432799999,1.5859375,0.2734375,0.1328125
11-19-2020_05-25-03,0.0885344362,-3.4193434953999997,9.6358966102,1.4453125,0.3125,0.515625
11-19-2020_05-25-03,0.07417750059999999,-3.4025937371999997,9.655039190999998,1.5546875,0.15625,0.3828125
11-19-2020_05-25-03,0.07417750059999999,-3.4217363179999998,9.655039190999998,1.171875,0.1015625,0.2578125
11-19-2020_05-25-04,0.07417750059999999,-3.4049865597999993,9.647860723199999,1.359375,0.5859375,0.328125
11-19-2020_05-25-04,0.0765703232,-3.4169506728,9.6622176588,1.421875,0.640625,0.265625
11-19-2020_05-25-04,0.07417750059999999,-3.409772205,9.6454679006,1.34375,-0.046875,0.4140625
11-19-2020_05-25-04,0.0765703232,-3.4049865597999993,9.633503787599999,1.4765625,0.3671875,0.328125
11-19-2020_05-25-04,0.05982056499999999,-3.4049865597999993,9.633503787599999,1.6015625,0.5546875,0.078125
11-19-2020_05-25-04,0.08135596839999999,-3.4121650275999995,9.6215396746,1.3046875,-0.0859375,0.203125
11-19-2020_05-25-04,0.0646062102,-3.4002009145999996,9.633503787599999,1.375,0.140625,0.2421875
11-19-2020_05-25-04,0.07178467799999999,-3.4217363179999998,9.619146851999998,0.953125,0.0703125,0.203125
11-19-2020_05-25-04,0.07178467799999999,-3.4289147858,9.6358966102,1.7734375,0.3984375,0.3671875
11-19-2020_05-25-05,0.0765703232,-3.397808092,9.6263253198,1.53125,0.1953125,0.40625
11-19-2020_05-25-05,0.0646062102,-3.4241291405999994,9.6406822554,1.8203125,0.1953125,0.546875
11-19-2020_05-25-05,0.09092725879999998,-3.4121650275999995,9.6406822554,1.6796875,0.1328125,0.0078125
11-19-2020_05-25-05,0.05503491979999999,-3.4145578501999996,9.6358966102,1.5,-0.1484375,0.234375
11-19-2020_05-25-05,0.05503491979999999,-3.4217363179999998,9.628718142399999,1.46875,0.234375,0.4609375
11-19-2020_05-25-05,0.0646062102,-3.4073793824,9.628718142399999,1.3515625,0.3125,0.1640625
11-19-2020_05-25-05,0.052642097199999995,-3.4169506728,9.6717889492,1.3828125,0.2421875,0.3125
11-19-2020_05-25-05,0.0669990328,-3.4169506728,9.6526463684,1.4296875,0.5859375,0.421875
11-19-2020_05-25-05,0.0646062102,-3.4073793824,9.6526463684,1.3828125,0.375,0.3828125
11-19-2020_05-25-06,0.0646062102,-3.4265219632,9.633503787599999,1.6328125,0.1875,0.421875
11-19-2020_05-25-06,0.062213387599999996,-3.409772205,9.6454679006,1.84375,0.078125,0.4375
11-19-2020_05-25-06,0.07178467799999999,-3.4002009145999996,9.6406822554,1.2890625,0.3203125,0.3125
11-19-2020_05-25-06,0.062213387599999996,-3.397808092,9.6406822554,1.40625,0.546875,0.265625
11-19-2020_05-25-06,0.07178467799999999,-3.4169506728,9.631110965,1.1171875,0.359375,0.3671875
11-19-2020_05-25-06,0.05982056499999999,-3.4217363179999998,9.628718142399999,1.0546875,0.3125,0.4453125
11-19-2020_05-25-06,0.07417750059999999,-3.4265219632,9.643075077999999,1.65625,0.0390625,0.1015625
11-19-2020_05-25-06,0.08135596839999999,-3.4073793824,9.631110965,1.609375,0.7109375,0.21875
11-19-2020_05-25-06,0.07417750059999999,-3.4193434953999997,9.638289432799999,1.4453125,0.1953125,0.34375
11-19-2020_05-25-07,0.0646062102,-3.397808092,9.6358966102,1.1015625,0.3359375,0.390625
11-19-2020_05-25-07,0.0669990328,-3.4025937371999997,9.6239324972,1.46875,0.5,0.15625
11-19-2020_05-25-07,0.0646062102,-3.4121650275999995,9.6454679006,1.2421875,0.3515625,0.15625
11-19-2020_05-25-07,0.062213387599999996,-3.397808092,9.6574320136,1.609375,0.1015625,0.15625
11-19-2020_05-25-07,0.0789631458,-3.4025937371999997,9.611968384199999,1.3515625,0.109375,0.1875
11-19-2020_05-25-07,0.0669990328,-3.4169506728,9.631110965,1.578125,0.3046875,0.359375
11-19-2020_05-25-07,0.07417750059999999,-3.409772205,9.6454679006,1.84375,0.3046875,0.390625
11-19-2020_05-25-07,0.0789631458,-3.4169506728,9.6263253198,1.6015625,0.421875,0.46875
11-19-2020_05-25-07,0.0765703232,-3.4145578501999996,9.6239324972,1.453125,0.1640625,0.28125
11-19-2020_05-25-08,0.0861416136,-3.4121650275999995,9.6215396746,1.5546875,0.1796875,0.2578125
11-19-2020_05-25-08,0.07417750059999999,-3.4049865597999993,9.6358966102,1.515625,0.4296875,0.40625
11-19-2020_05-25-08,0.062213387599999996,-3.4145578501999996,9.633503787599999,1.2890625,0.2421875,0.4140625
11-19-2020_05-25-08,0.07178467799999999,-3.4217363179999998,9.6358966102,1.5078125,0.59375,0.1875
11-19-2020_05-25-08,0.08374879099999999,-3.397808092,9.633503787599999,1.0078125,0.125,0.265625
11-19-2020_05-25-08,0.07417750059999999,-3.4193434953999997,9.6406822554,1.5390625,0.4609375,0.3125
11-19-2020_05-25-08,0.07417750059999999,-3.397808092,9.6574320136,1.234375,0.46875,0.390625
11-19-2020_05-25-08,0.0646062102,-3.4073793824,9.633503787599999,1.5078125,0.34375,0.1328125
11-19-2020_05-25-08,0.0646062102,-3.4073793824,9.647860723199999,1.5859375,0.4375,0.109375
11-19-2020_05-25-09,0.07417750059999999,-3.397808092,9.6215396746,1.5625,0.4375,0.4375
11-19-2020_05-25-09,0.0765703232,-3.4121650275999995,9.633503787599999,1.6796875,0.1953125,0.265625
11-19-2020_05-25-09,0.05982056499999999,-3.4049865597999993,9.6454679006,2.0234375,0.34375,0.4921875
11-19-2020_05-25-09,0.0646062102,-3.4145578501999996,9.6358966102,0.65625,0.484375,0.46875
11-19-2020_05-25-09,0.0861416136,-3.4121650275999995,9.655039190999998,1.453125,0.5078125,0.328125
11-19-2020_05-25-09,0.057427742399999995,-3.4193434953999997,9.619146851999998,1.3359375,0.203125,0.2890625
11-19-2020_05-25-09,0.062213387599999996,-3.4145578501999996,9.643075077999999,1.359375,0.109375,0.28125
11-19-2020_05-25-09,0.0765703232,-3.4193434953999997,9.6406822554,1.4296875,0.1640625,0.203125
11-19-2020_05-25-09,0.07178467799999999,-3.4217363179999998,9.6454679006,1.6796875,0.40625,0.203125
11-19-2020_05-25-10,0.0693918554,-3.4169506728,9.631110965,1.21875,0.40625,0.234375
11-19-2020_05-25-10,0.0765703232,-3.4169506728,9.6358966102,1.4296875,0.1953125,0.2265625
11-19-2020_05-25-10,0.0789631458,-3.4217363179999998,9.6454679006,0.890625,0.03125,0.4453125
11-19-2020_05-25-10,0.07417750059999999,-3.409772205,9.638289432799999,1.1171875,0.1640625,0.46875
11-19-2020_05-25-10,0.0669990328,-3.4193434953999997,9.643075077999999,1.2109375,0.484375,0.1875
11-19-2020_05-25-10,0.0646062102,-3.4121650275999995,9.6406822554,1.5546875,0.3984375,0.2578125
11-19-2020_05-25-10,0.07417750059999999,-3.4049865597999993,9.647860723199999,1.859375,0.0546875,0.1484375
11-19-2020_05-25-10,0.0669990328,-3.385843979,9.6526463684,1.46875,0.3125,0.1640625
11-19-2020_05-25-10,0.0765703232,-3.4073793824,9.6358966102,1.75,0.25,0.125
11-19-2020_05-25-11,0.07178467799999999,-3.4049865597999993,9.633503787599999,1.65625,0.609375,0.328125
11-19-2020_05-25-11,0.052642097199999995,-3.4121650275999995,9.6358966102,1.6015625,0.0,0.3359375
11-19-2020_05-25-11,0.0789631458,-3.4073793824,9.619146851999998,1.75,0.2109375,0.203125
11-19-2020_05-25-11,0.07417750059999999,-3.4145578501999996,9.633503787599999,1.5390625,0.3984375,0.2890625
11-19-2020_05-25-11,0.05503491979999999,-3.4169506728,9.6263253198,1.359375,0.2734375,0.4140625
11-19-2020_05-25-11,0.0765703232,-3.4049865597999993,9.6526463684,1.515625,0.2734375,0.4609375
11-19-2020_05-25-11,0.07178467799999999,-3.4002009145999996,9.633503787599999,1.5625,0.1171875,0.3671875
11-19-2020_05-25-11,0.0693918554,-3.3834511563999996,9.6574320136,0.8125,0.3515625,0.234375
11-19-2020_05-25-11,0.062213387599999996,-3.4289147858,9.628718142399999,1.609375,0.34375,0.3671875
11-19-2020_05-25-12,0.0669990328,-3.4145578501999996,9.6239324972,1.265625,0.1015625,0.28125
11-19-2020_05-25-12,0.0765703232,-3.4121650275999995,9.6454679006,1.515625,0.0,0.578125
11-19-2020_05-25-12,0.0789631458,-3.4049865597999993,9.674181771799999,1.3828125,0.3125,0.359375
11-19-2020_05-25-12,0.0885344362,-3.4169506728,9.643075077999999,1.5625,0.2265625,0.4140625
11-19-2020_05-25-12,0.08135596839999999,-3.4241291405999994,9.6215396746,0.7890625,0.453125,0.3125
11-19-2020_05-25-12,0.07417750059999999,-3.4193434953999997,9.638289432799999,1.6328125,0.6953125,0.234375
11-19-2020_05-25-12,0.0669990328,-3.4241291405999994,9.6526463684,1.3125,0.109375,0.3125
11-19-2020_05-25-12,0.0646062102,-3.4073793824,9.647860723199999,1.453125,0.2578125,0.234375
11-19-2020_05-25-12,0.07178467799999999,-3.4073793824,9.633503787599999,1.421875,0.3515625,0.0859375
11-19-2020_05-25-13,0.07178467799999999,-3.4073793824,9.6454679006,1.5390625,0.3046875,0.28125
11-19-2020_05-25-13,0.05982056499999999,-3.397808092,9.6406822554,1.3046875,0.375,0.2265625
11-19-2020_05-25-13,0.052642097199999995,-3.4025937371999997,9.6239324972,1.375,0.5078125,0.3671875
11-19-2020_05-25-13,0.0765703232,-3.4025937371999997,9.633503787599999,1.3515625,0.3515625,0.1875
11-19-2020_05-25-13,0.07178467799999999,-3.4025937371999997,9.628718142399999,1.5078125,0.265625,0.4609375
11-19-2020_05-25-13,0.062213387599999996,-3.4169506728,9.633503787599999,1.1484375,0.390625,0.3671875
11-19-2020_05-25-13,0.0502492746,-3.4121650275999995,9.6263253198,1.2265625,-0.109375,0.28125
11-19-2020_05-25-13,0.0669990328,-3.4073793824,9.6622176588,1.2421875,0.296875,0.421875
11-19-2020_05-25-13,0.0646062102,-3.4025937371999997,9.669396126599999,1.84375,0.3046875,0.3828125
11-19-2020_05-25-14,0.08374879099999999,-3.4073793824,9.6239324972,1.515625,0.484375,0.28125
11-19-2020_05-25-14,0.0646062102,-3.4145578501999996,9.6598248362,1.3828125,0.28125,0.3125
11-19-2020_05-25-14,0.07178467799999999,-3.4289147858,9.6526463684,1.328125,0.6015625,0.1328125
11-19-2020_05-25-14,0.07417750059999999,-3.4193434953999997,9.6239324972,1.3046875,0.1796875,0.2890625
11-19-2020_05-25-14,0.05982056499999999,-3.4193434953999997,9.650253545799998,1.3515625,0.03125,0.390625
11-19-2020_05-25-14,0.0789631458,-3.409772205,9.619146851999998,1.078125,0.1015625,0.40625
11-19-2020_05-25-14,0.08135596839999999,-3.3906296242,9.633503787599999,1.3828125,0.1796875,0.5390625
11-19-2020_05-25-14,0.07178467799999999,-3.4145578501999996,9.650253545799998,0.9921875,-0.0703125,0.3203125
11-19-2020_05-25-14,0.0693918554,-3.4049865597999993,9.631110965,1.4921875,0.6484375,0.5
11-19-2020_05-25-15,0.0789631458,-3.4169506728,9.6263253198,1.515625,0.5234375,0.359375
11-19-2020_05-25-15,0.0765703232,-3.4217363179999998,9.6406822554,1.265625,0.1640625,0.421875
11-19-2020_05-25-15,0.07417750059999999,-3.4265219632,9.631110965,1.65625,0.0625,0.2265625
11-19-2020_05-25-15,0.0646062102,-3.4145578501999996,9.638289432799999,1.65625,0.1015625,0.421875
11-19-2020_05-25-15,0.062213387599999996,-3.4193434953999997,9.6526463684,1.5390625,-0.015625,0.5390625
11-19-2020_05-25-15,0.0669990328,-3.409772205,9.6454679006,1.4765625,0.0234375,0.234375
11-19-2020_05-25-15,0.0789631458,-3.4145578501999996,9.650253545799998,1.21875,0.28125,0.1796875
11-19-2020_05-25-15,0.062213387599999996,-3.397808092,9.6574320136,2.0390625,-0.1484375,0.3984375
11-19-2020_05-25-15,0.05982056499999999,-3.4145578501999996,9.631110965,1.9453125,-0.0546875,0.15625
11-19-2020_05-25-16,0.07178467799999999,-3.4169506728,9.650253545799998,1.3046875,0.1484375,0.3125
11-19-2020_05-25-16,0.07178467799999999,-3.4193434953999997,9.633503787599999,1.4921875,0.1875,0.40625
11-19-2020_05-25-16,0.0765703232,-3.3834511563999996,9.6574320136,1.5078125,0.234375,0.2890625
11-19-2020_05-25-16,0.07178467799999999,-3.409772205,9.647860723199999,1.6015625,0.40625,0.234375
11-19-2020_05-25-16,0.0765703232,-3.4073793824,9.6622176588,1.171875,0.125,0.1015625
11-19-2020_05-25-16,0.09571290399999999,-3.4121650275999995,9.6598248362,1.4765625,0.65625,0.3046875
11-19-2020_05-25-16,0.0861416136,-3.4002009145999996,9.631110965,1.3828125,0.4296875,0.1484375
11-19-2020_05-25-16,0.07417750059999999,-3.4193434953999997,9.631110965,1.375,0.40625,0.4609375
11-19-2020_05-25-16,0.0765703232,-3.4217363179999998,9.619146851999998,1.515625,0.609375,0.359375
11-19-2020_05-25-17,0.0693918554,-3.397808092,9.647860723199999,1.09375,0.5859375,0.390625
11-19-2020_05-25-17,0.07178467799999999,-3.4121650275999995,9.619146851999998,1.3046875,0.109375,0.0859375
11-19-2020_05-25-17,0.0765703232,-3.4121650275999995,9.631110965,1.7265625,0.015625,0.28125
11-19-2020_05-25-17,0.0765703232,-3.4073793824,9.633503787599999,1.234375,0.2578125,0.265625
11-19-2020_05-25-17,0.09332008139999999,-3.409772205,9.6358966102,0.8125,0.2578125,0.40625
11-19-2020_05-25-17,0.07178467799999999,-3.4049865597999993,9.6167540294,1.3515625,0.3125,0.2578125
11-19-2020_05-25-17,0.07178467799999999,-3.4169506728,9.643075077999999,1.515625,0.265625,0.3671875
11-19-2020_05-25-17,0.05982056499999999,-3.409772205,9.6358966102,1.65625,0.1328125,0.28125
11-19-2020_05-25-17,0.07178467799999999,-3.4169506728,9.6454679006,1.2109375,0.28125,0.046875
11-19-2020_05-25-18,0.0765703232,-3.4217363179999998,9.6358966102,1.7421875,0.171875,0.3359375
11-19-2020_05-25-18,0.0789631458,-3.4145578501999996,9.631110965,1.6953125,-0.0703125,0.4375
11-19-2020_05-25-18,0.062213387599999996,-3.4313076083999996,9.650253545799998,1.4765625,0.25,0.1015625
11-19-2020_05-25-18,0.08374879099999999,-3.409772205,9.6406822554,1.21875,0.2578125,0.2109375
11-19-2020_05-25-18,0.0789631458,-3.4073793824,9.638289432799999,1.515625,0.1953125,0.3046875
11-19-2020_05-25-18,0.07417750059999999,-3.3954152693999995,9.6263253198,1.46875,0.5546875,0.078125
11-19-2020_05-25-18,0.062213387599999996,-3.4289147858,9.667003304,1.03125,0.4140625,0.3046875
11-19-2020_05-25-18,0.05503491979999999,-3.4073793824,9.643075077999999,1.578125,0.140625,0.2890625
11-19-2020_05-25-18,0.062213387599999996,-3.4169506728,9.628718142399999,1.5390625,0.0234375,0.28125
11-19-2020_05-25-19,0.07178467799999999,-3.4145578501999996,9.6406822554,1.3203125,0.6328125,-0.0234375
11-19-2020_05-25-19,0.0693918554,-3.4049865597999993,9.6526463684,1.4453125,0.5234375,0.4375
11-19-2020_05-25-19,0.0861416136,-3.409772205,9.6454679006,1.3515625,0.4453125,0.2421875
11-19-2020_05-25-19,0.0789631458,-3.4002009145999996,9.631110965,1.359375,0.28125,0.109375
11-19-2020_05-25-19,0.0669990328,-3.4145578501999996,9.650253545799998,1.4296875,0.3515625,0.203125
11-19-2020_05-25-19,0.0789631458,-3.4121650275999995,9.6239324972,1.359375,0.375,0.546875
11-19-2020_05-25-19,0.07417750059999999,-3.4145578501999996,9.6358966102,1.578125,0.25,0.4609375
11-19-2020_05-25-19,0.0861416136,-3.4049865597999993,9.638289432799999,1.578125,-0.015625,0.1640625
11-19-2020_05-25-19,0.07178467799999999,-3.4169506728,9.628718142399999,1.6328125,0.328125,0.1640625
11-19-2020_05-25-20,0.0646062102,-3.4145578501999996,9.6454679006,0.9375,0.1796875,0.3125
11-19-2020_05-25-20,0.0646062102,-3.4169506728,9.643075077999999,1.703125,0.3671875,0.125
11-19-2020_05-25-20,0.0789631458,-3.409772205,9.633503787599999,1.421875,0.2578125,0.203125
11-19-2020_05-25-20,0.07178467799999999,-3.4121650275999995,9.6406822554,1.6484375,0.2265625,0.125
11-19-2020_05-25-20,0.0669990328,-3.409772205,9.6406822554,1.625,0.1953125,0.2109375
11-19-2020_05-25-20,0.0789631458,-3.4217363179999998,9.650253545799998,1.5390625,0.1171875,0.3046875
11-19-2020_05-25-20,0.0382851616,-3.4049865597999993,9.647860723199999,1.234375,0.4453125,0.1640625
11-19-2020_05-25-20,0.0669990328,-3.4145578501999996,9.6263253198,1.765625,0.2734375,0.3359375
11-19-2020_05-25-20,0.0693918554,-3.4169506728,9.628718142399999,1.3046875,0.484375,0.4609375
11-19-2020_05-25-21,0.0669990328,-3.4049865597999993,9.643075077999999,1.171875,0.234375,0.3671875
11-19-2020_05-25-21,0.0789631458,-3.4073793824,9.647860723199999,1.421875,0.390625,0.3359375
11-19-2020_05-25-21,0.07178467799999999,-3.4241291405999994,9.650253545799998,1.3984375,0.1953125,0.328125
11-19-2020_05-25-21,0.0669990328,-3.4121650275999995,9.638289432799999,1.3515625,0.359375,0.4609375
11-19-2020_05-25-21,0.0669990328,-3.397808092,9.647860723199999,1.0546875,-0.078125,-0.03125
11-19-2020_05-25-21,0.0693918554,-3.4313076083999996,9.647860723199999,1.4921875,0.3984375,0.515625
11-19-2020_05-25-21,0.0765703232,-3.3954152693999995,9.676574594399998,1.375,0.28125,0.390625
11-19-2020_05-25-21,0.057427742399999995,-3.4049865597999993,9.6574320136,1.09375,0.0859375,0.2265625
11-19-2020_05-25-21,0.05503491979999999,-3.4145578501999996,9.647860723199999,1.453125,0.5625,0.421875
11-19-2020_05-25-22,0.052642097199999995,-3.4217363179999998,9.655039190999998,1.4453125,0.4296875,0.4453125
11-19-2020_05-25-22,0.07417750059999999,-3.4121650275999995,9.647860723199999,0.890625,0.2734375,0.4609375
11-19-2020_05-25-22,0.08135596839999999,-3.4289147858,9.6358966102,1.4765625,0.3671875,0.125
11-19-2020_05-25-22,0.062213387599999996,-3.4217363179999998,9.631110965,1.453125,0.3515625,0.40625
11-19-2020_05-25-22,0.0789631458,-3.4193434953999997,9.6215396746,1.3125,0.1484375,0.2421875
11-19-2020_05-25-22,0.0669990328,-3.4002009145999996,9.628718142399999,1.46875,-0.1953125,0.3984375
11-19-2020_05-25-22,0.07178467799999999,-3.4145578501999996,9.664610481399999,1.5625,0.1015625,0.2578125
11-19-2020_05-25-22,0.057427742399999995,-3.4169506728,9.6406822554,1.5859375,0.3515625,0.3671875
11-19-2020_05-25-22,0.07417750059999999,-3.4025937371999997,9.638289432799999,1.21875,0.296875,0.2421875
11-19-2020_05-25-23,0.0669990328,-3.4217363179999998,9.633503787599999,1.625,0.25,0.0859375
11-19-2020_05-25-23,0.07417750059999999,-3.4145578501999996,9.6454679006,1.2890625,0.0234375,0.0859375
11-19-2020_05-25-23,0.0669990328,-3.4073793824,9.633503787599999,1.1875,0.453125,0.3359375
11-19-2020_05-25-23,0.07417750059999999,-3.4145578501999996,9.6406822554,1.21875,0.0234375,0.2421875
11-19-2020_05-25-23,0.07178467799999999,-3.4169506728,9.631110965,1.953125,0.3046875,0.359375
11-19-2020_05-25-23,0.052642097199999995,-3.4193434953999997,9.643075077999999,1.1875,0.1796875,0.265625
11-19-2020_05-25-23,0.07178467799999999,-3.409772205,9.633503787599999,1.4921875,0.5234375,0.28125
11-19-2020_05-25-23,0.05982056499999999,-3.4169506728,9.647860723199999,1.40625,0.2578125,0.1015625
11-19-2020_05-25-23,0.057427742399999995,-3.4145578501999996,9.6622176588,1.3984375,0.5625,0.390625
11-19-2020_05-25-24,0.07417750059999999,-3.409772205,9.628718142399999,1.75,0.3515625,0.3671875
11-19-2020_05-25-24,0.05982056499999999,-3.4217363179999998,9.6526463684,1.59375,-0.0390625,0.40625
11-19-2020_05-25-24,0.0646062102,-3.4002009145999996,9.638289432799999,1.265625,0.2734375,0.2578125
11-19-2020_05-25-24,0.0693918554,-3.4169506728,9.631110965,1.5390625,0.2265625,0.2265625
11-19-2020_05-25-24,0.0765703232,-3.4169506728,9.6215396746,1.375,0.390625,0.078125
11-19-2020_05-25-24,0.0693918554,-3.4193434953999997,9.647860723199999,1.5859375,0.1328125,0.484375
11-19-2020_05-25-24,0.0693918554,-3.4193434953999997,9.6526463684,1.1484375,0.21875,0.0703125
11-19-2020_05-25-24,0.0646062102,-3.4073793824,9.6574320136,1.3984375,0.5078125,0.328125
11-19-2020_05-25-24,0.0646062102,-3.4337004309999997,9.6622176588,1.5859375,0.5078125,0.3125
11-19-2020_05-25-25,0.0693918554,-3.409772205,9.6574320136,1.171875,0.2578125,0.2890625
11-19-2020_05-25-25,0.062213387599999996,-3.4002009145999996,9.650253545799998,1.4921875,0.515625,0.0234375
11-19-2020_05-25-25,0.07178467799999999,-3.4002009145999996,9.6239324972,1.5546875,0.34375,0.28125
11-19-2020_05-25-25,0.08374879099999999,-3.4217363179999998,9.619146851999998,1.5625,0.4765625,0.2890625
11-19-2020_05-25-25,0.08135596839999999,-3.4193434953999997,9.643075077999999,1.46875,0.4375,0.265625
11-19-2020_05-25-25,0.0789631458,-3.4002009145999996,9.638289432799999,1.4453125,0.359375,0.2578125
11-19-2020_05-25-25,0.0646062102,-3.397808092,9.633503787599999,1.578125,0.5234375,0.34375
11-19-2020_05-25-25,0.07178467799999999,-3.4193434953999997,9.6167540294,1.6796875,0.3046875,0.125
11-19-2020_05-25-25,0.05982056499999999,-3.4025937371999997,9.628718142399999,1.125,0.140625,0.4375
11-19-2020_05-25-26,0.0765703232,-3.4025937371999997,9.647860723199999,1.421875,0.546875,0.2890625
11-19-2020_05-25-26,0.062213387599999996,-3.409772205,9.6167540294,1.8671875,0.1875,0.2578125
11-19-2020_05-25-26,0.07417750059999999,-3.4073793824,9.631110965,2.0703125,0.3984375,0.3359375
11-19-2020_05-25-26,0.07417750059999999,-3.4241291405999994,9.6358966102,1.0703125,0.3515625,0.4609375
11-19-2020_05-25-26,0.062213387599999996,-3.409772205,9.631110965,1.3125,0.53125,0.2109375
11-19-2020_05-25-26,0.0765703232,-3.4145578501999996,9.6215396746,1.453125,0.0859375,0.265625
11-19-2020_05-25-26,0.07178467799999999,-3.4049865597999993,9.611968384199999,1.8125,0.0234375,0.6640625
11-19-2020_05-25-26,0.062213387599999996,-3.4169506728,9.647860723199999,1.21875,0.4296875,0.328125
11-19-2020_05-25-26,0.07178467799999999,-3.3954152693999995,9.638289432799999,0.984375,0.5625,0.328125
11-19-2020_05-25-27,0.0669990328,-3.409772205,9.6358966102,1.4453125,0.1953125,0.5390625
11-19-2020_05-25-27,0.05982056499999999,-3.4002009145999996,9.6454679006,1.8671875,0.2890625,0.2109375
11-19-2020_05-25-27,0.07178467799999999,-3.4265219632,9.6574320136,1.2578125,0.1484375,0.3125
11-19-2020_05-25-27,0.0669990328,-3.4169506728,9.6406822554,1.6015625,0.3828125,0.28125
11-19-2020_05-25-27,0.062213387599999996,-3.4025937371999997,9.631110965,1.515625,0.765625,0.265625
11-19-2020_05-25-27,0.08135596839999999,-3.409772205,9.6215396746,1.3515625,0.2421875,0.3359375
11-19-2020_05-25-27,0.07417750059999999,-3.4241291405999994,9.655039190999998,1.515625,0.3125,0.125
11-19-2020_05-25-27,0.07178467799999999,-3.4145578501999996,9.614361206799998,1.375,0.375,0.203125
11-19-2020_05-25-27,0.0765703232,-3.4025937371999997,9.6454679006,1.09375,0.4140625,0.3359375
11-19-2020_05-25-28,0.0669990328,-3.397808092,9.647860723199999,1.40625,0.46875,0.2578125
11-19-2020_05-25-28,0.062213387599999996,-3.4145578501999996,9.638289432799999,1.1640625,0.140625,0.1875
11-19-2020_05-25-28,0.0693918554,-3.4121650275999995,9.6406822554,1.0546875,0.40625,0.2890625
11-19-2020_05-25-28,0.0789631458,-3.4169506728,9.6454679006,1.21875,0.125,0.484375
11-19-2020_05-25-28,0.0669990328,-3.4193434953999997,9.647860723199999,1.5625,0.2109375,0.3671875
11-19-2020_05-25-28,0.0669990328,-3.4193434953999997,9.6406822554,0.8203125,0.28125,0.34375
11-19-2020_05-25-28,0.07178467799999999,-3.4169506728,9.6454679006,0.9375,0.390625,0.1328125
11-19-2020_05-25-28,0.0669990328,-3.4145578501999996,9.643075077999999,1.75,0.5234375,0.28125
11-19-2020_05-25-28,0.07417750059999999,-3.409772205,9.6406822554,1.90625,-0.109375,0.296875
11-19-2020_05-25-29,0.05982056499999999,-3.4073793824,9.628718142399999,0.9765625,0.296875,0.203125
11-19-2020_05-25-29,0.0646062102,-3.4169506728,9.6358966102,1.328125,0.3203125,0.3125
11-19-2020_05-25-29,0.0789631458,-3.4025937371999997,9.628718142399999,1.2421875,0.2890625,0.3125
11-19-2020_05-25-29,0.07178467799999999,-3.4169506728,9.669396126599999,1.7265625,0.09375,0.0859375
11-19-2020_05-25-29,0.0693918554,-3.4025937371999997,9.6095755616,1.359375,0.5078125,0.3359375
11-19-2020_05-25-29,0.07417750059999999,-3.4169506728,9.628718142399999,1.3515625,0.6953125,0.390625
11-19-2020_05-25-29,0.0646062102,-3.4193434953999997,9.633503787599999,1.46875,0.25,0.1640625
11-19-2020_05-25-29,0.0646062102,-3.4217363179999998,9.643075077999999,1.7890625,0.0546875,0.4609375
11-19-2020_05-25-29,0.07417750059999999,-3.4121650275999995,9.628718142399999,1.328125,0.21875,0.2578125
11-19-2020_05-25-30,0.062213387599999996,-3.4145578501999996,9.643075077999999,1.90625,0.1015625,0.109375
11-19-2020_05-25-30,0.08374879099999999,-3.3954152693999995,9.650253545799998,1.765625,0.234375,0.1875
11-19-2020_05-25-30,0.0789631458,-3.4265219632,9.631110965,1.3125,0.2734375,0.2421875
11-19-2020_05-25-30,0.057427742399999995,-3.409772205,9.6358966102,1.375,0.1015625,0.2421875
11-19-2020_05-25-30,0.07178467799999999,-3.409772205,9.6406822554,1.46875,0.3046875,0.3046875
11-19-2020_05-25-30,0.0646062102,-3.3954152693999995,9.633503787599999,1.5546875,0.515625,0.390625
11-19-2020_05-25-30,0.0765703232,-3.4145578501999996,9.6358966102,1.5625,0.4375,0.46875
11-19-2020_05-25-30,0.062213387599999996,-3.4002009145999996,9.643075077999999,1.40625,0.203125,0.234375
11-19-2020_05-25-30,0.05982056499999999,-3.397808092,9.6574320136,1.3125,0.234375,0.40625
11-19-2020_05-25-31,0.057427742399999995,-3.4073793824,9.619146851999998,1.3515625,-0.0625,0.4921875
11-19-2020_05-25-31,0.07417750059999999,-3.4049865597999993,9.6454679006,1.34375,-0.1875,0.046875
11-19-2020_05-25-31,0.08374879099999999,-3.4241291405999994,9.650253545799998,1.40625,0.2421875,0.484375
11-19-2020_05-25-31,0.0765703232,-3.4241291405999994,9.633503787599999,1.609375,0.3125,0.3359375
11-19-2020_05-25-31,0.0765703232,-3.4145578501999996,9.6239324972,1.1953125,0.4453125,0.3671875
11-19-2020_05-25-31,0.0789631458,-3.4241291405999994,9.6526463684,1.65625,0.28125,0.28125
11-19-2020_05-25-31,0.0789631458,-3.4193434953999997,9.647860723199999,1.09375,0.1015625,0.359375
11-19-2020_05-25-31,0.0765703232,-3.397808092,9.638289432799999,1.3515625,0.5234375,0.1875
11-19-2020_05-25-31,0.057427742399999995,-3.397808092,9.6454679006,1.171875,0.46875,0.265625
11-19-2020_05-25-32,0.0669990328,-3.3954152693999995,9.6406822554,2.03125,0.140625,0.234375
11-19-2020_05-25-32,0.0693918554,-3.4217363179999998,9.631110965,1.7421875,0.0625,0.484375
11-19-2020_05-25-32,0.07417750059999999,-3.4169506728,9.6263253198,1.046875,0.2421875,0.40625
11-19-2020_05-25-32,0.07178467799999999,-3.409772205,9.6454679006,2.171875,0.0625,0.1875
11-19-2020_05-25-32,0.08135596839999999,-3.4241291405999994,9.6263253198,1.7734375,0.4453125,0.28125
11-19-2020_05-25-32,0.0885344362,-3.4002009145999996,9.647860723199999,0.984375,0.1953125,0.2578125
11-19-2020_05-25-32,0.0693918554,-3.385843979,9.664610481399999,1.578125,0.3828125,0.3828125
11-19-2020_05-25-32,0.08374879099999999,-3.4049865597999993,9.6598248362,1.421875,0.234375,0.359375
11-19-2020_05-25-32,0.0789631458,-3.4121650275999995,9.6406822554,1.3984375,0.3515625,0.1796875
11-19-2020_05-25-33,0.0693918554,-3.4025937371999997,9.638289432799999,1.46875,0.421875,0.328125
11-19-2020_05-25-33,0.0789631458,-3.4002009145999996,9.650253545799998,1.796875,0.40625,0.40625
11-19-2020_05-25-33,0.0765703232,-3.4217363179999998,9.6239324972,1.421875,0.3125,0.3125
11-19-2020_05-25-33,0.07178467799999999,-3.3954152693999995,9.6574320136,1.3515625,-0.0859375,0.203125
11-19-2020_05-25-33,0.062213387599999996,-3.4002009145999996,9.6454679006,1.6015625,-0.0703125,0.2265625
11-19-2020_05-25-33,0.07178467799999999,-3.3930224467999994,9.6574320136,1.671875,0.1328125,0.265625
11-19-2020_05-25-33,0.0669990328,-3.4289147858,9.6167540294,1.5625,0.234375,0.359375
11-19-2020_05-25-33,0.0669990328,-3.4145578501999996,9.643075077999999,1.4921875,0.234375,0.2109375
11-19-2020_05-25-33,0.0789631458,-3.4073793824,9.628718142399999,1.21875,0.0703125,0.2109375
11-19-2020_05-25-34,0.07417750059999999,-3.3906296242,9.6263253198,1.6328125,0.4453125,0.359375
11-19-2020_05-25-34,0.0646062102,-3.4121650275999995,9.6239324972,1.65625,0.2890625,0.1796875
11-19-2020_05-25-34,0.07417750059999999,-3.397808092,9.619146851999998,1.375,0.3671875,0.359375
11-19-2020_05-25-34,0.07417750059999999,-3.4121650275999995,9.6622176588,1.46875,0.140625,0.34375
11-19-2020_05-25-34,0.0646062102,-3.4241291405999994,9.631110965,1.171875,0.234375,0.2109375
11-19-2020_05-25-34,0.07417750059999999,-3.4241291405999994,9.6454679006,1.65625,0.2890625,0.2265625
11-19-2020_05-25-34,0.0646062102,-3.3954152693999995,9.638289432799999,1.515625,0.2109375,0.0234375
11-19-2020_05-25-34,0.0693918554,-3.4217363179999998,9.6526463684,1.6484375,0.234375,0.3359375
11-19-2020_05-25-34,0.0693918554,-3.409772205,9.6454679006,1.65625,0.34375,0.2890625
11-19-2020_05-25-35,0.0669990328,-3.4025937371999997,9.638289432799999,1.421875,0.0078125,0.2265625
11-19-2020_05-25-35,0.0693918554,-3.4169506728,9.669396126599999,1.375,0.6953125,0.4765625
11-19-2020_05-25-35,0.0693918554,-3.4241291405999994,9.6358966102,1.796875,0.3671875,0.3671875
11-19-2020_05-25-35,0.05503491979999999,-3.409772205,9.6454679006,1.421875,-0.03125,0.328125
11-19-2020_05-25-35,0.07417750059999999,-3.4121650275999995,9.6454679006,1.53125,0.328125,0.328125
11-19-2020_05-25-35,0.07178467799999999,-3.4241291405999994,9.6406822554,1.2421875,0.3125,0.3359375
11-19-2020_05-25-35,0.0861416136,-3.4193434953999997,9.6263253198,1.2109375,0.6640625,0.3828125
11-19-2020_05-25-35,0.062213387599999996,-3.4169506728,9.638289432799999,1.2578125,0.2734375,0.59375
11-19-2020_05-25-35,0.0646062102,-3.4049865597999993,9.6574320136,1.1640625,-0.1640625,0.1796875
11-19-2020_05-25-36,0.07178467799999999,-3.4073793824,9.638289432799999,1.5859375,0.3984375,0.1328125
11-19-2020_05-25-36,0.0765703232,-3.4145578501999996,9.6239324972,1.28125,0.140625,0.40625
11-19-2020_05-25-36,0.0789631458,-3.397808092,9.6574320136,1.0078125,0.3203125,0.4609375
11-19-2020_05-25-36,0.08374879099999999,-3.4193434953999997,9.664610481399999,1.1953125,0.109375,0.03125
11-19-2020_05-25-36,0.0765703232,-3.4002009145999996,9.647860723199999,1.265625,0.203125,0.1328125
11-19-2020_05-25-36,0.0765703232,-3.409772205,9.6263253198,1.3359375,0.46875,0.3046875
11-19-2020_05-25-36,0.0646062102,-3.4073793824,9.6454679006,1.1875,0.3359375,0.40625
11-19-2020_05-25-36,0.0765703232,-3.4025937371999997,9.6215396746,1.6484375,0.59375,0.2109375
11-19-2020_05-25-36,0.05982056499999999,-3.4193434953999997,9.628718142399999,1.1640625,0.1953125,0.28125
11-19-2020_05-25-37,0.0646062102,-3.4025937371999997,9.6598248362,1.8828125,0.1015625,0.515625
11-19-2020_05-25-37,0.057427742399999995,-3.4169506728,9.6406822554,1.5390625,0.3046875,0.1875
11-19-2020_05-25-37,0.0669990328,-3.4217363179999998,9.650253545799998,1.328125,0.484375,0.2109375
11-19-2020_05-25-37,0.07417750059999999,-3.4145578501999996,9.643075077999999,1.1015625,0.6640625,0.4375
11-19-2020_05-25-37,0.062213387599999996,-3.4073793824,9.6263253198,1.046875,-0.03125,0.3515625
11-19-2020_05-25-37,0.0861416136,-3.4121650275999995,9.628718142399999,1.7890625,0.5,0.3828125
11-19-2020_05-25-37,0.0646062102,-3.4121650275999995,9.650253545799998,1.421875,0.4453125,0.203125
11-19-2020_05-25-37,0.05503491979999999,-3.4289147858,9.631110965,1.4140625,-0.109375,0.328125
11-19-2020_05-25-37,0.07417750059999999,-3.4073793824,9.6263253198,1.609375,0.2265625,0.1015625
11-19-2020_05-25-38,0.062213387599999996,-3.4073793824,9.6406822554,1.4765625,0.4375,0.2109375
11-19-2020_05-25-38,0.0693918554,-3.4169506728,9.650253545799998,1.375,0.2578125,0.1796875
11-19-2020_05-25-38,0.07178467799999999,-3.4169506728,9.6406822554,1.6484375,0.5,0.46875
11-19-2020_05-25-38,0.0646062102,-3.4313076083999996,9.6167540294,1.65625,0.0625,0.28125
11-19-2020_05-25-38,0.0693918554,-3.4025937371999997,9.6263253198,1.5390625,0.0625,0.34375
11-19-2020_05-25-38,0.0669990328,-3.4217363179999998,9.643075077999999,1.328125,0.3359375,0.3125
11-19-2020_05-25-38,0.08135596839999999,-3.4049865597999993,9.638289432799999,1.53125,0.6328125,0.2109375
11-19-2020_05-25-38,0.05982056499999999,-3.4145578501999996,9.633503787599999,1.4765625,0.2109375,0.6171875
11-19-2020_05-25-38,0.052642097199999995,-3.4049865597999993,9.6454679006,1.3359375,0.4296875,0.1640625
11-19-2020_05-25-39,0.0669990328,-3.4217363179999998,9.655039190999998,1.6015625,0.140625,0.0234375
11-19-2020_05-25-39,0.0646062102,-3.4121650275999995,9.6454679006,1.1640625,0.1484375,0.203125
11-19-2020_05-25-39,0.08135596839999999,-3.4073793824,9.655039190999998,1.1875,-0.1640625,0.21875
11-19-2020_05-25-39,0.07178467799999999,-3.4073793824,9.650253545799998,1.5546875,-0.2109375,0.359375
11-19-2020_05-25-39,0.07178467799999999,-3.4002009145999996,9.6574320136,1.6015625,0.328125,0.359375
11-19-2020_05-25-39,0.0669990328,-3.4121650275999995,9.6406822554,1.53125,0.0,0.34375
11-19-2020_05-25-39,0.062213387599999996,-3.4193434953999997,9.638289432799999,0.7109375,0.4140625,0.3046875
11-19-2020_05-25-39,0.062213387599999996,-3.409772205,9.631110965,1.2109375,0.4453125,0.34375
11-19-2020_05-25-39,0.0693918554,-3.4289147858,9.6358966102,1.6953125,0.09375,0.234375
11-19-2020_05-25-40,0.0669990328,-3.4193434953999997,9.638289432799999,1.4765625,0.0546875,0.5234375
11-19-2020_05-25-40,0.0646062102,-3.4169506728,9.647860723199999,1.140625,0.1640625,0.359375
11-19-2020_05-25-40,0.0693918554,-3.4121650275999995,9.614361206799998,1.265625,0.2734375,0.4609375
11-19-2020_05-25-40,0.0502492746,-3.4241291405999994,9.6526463684,1.4921875,0.015625,0.546875
11-19-2020_05-25-40,0.062213387599999996,-3.4121650275999995,9.6358966102,1.5078125,0.5,0.4921875
11-19-2020_05-25-40,0.08374879099999999,-3.4169506728,9.6454679006,1.4296875,0.3203125,0.359375
11-19-2020_05-25-40,0.07178467799999999,-3.3930224467999994,9.6406822554,1.1015625,0.046875,0.1328125
11-19-2020_05-25-40,0.07178467799999999,-3.4169506728,9.607182738999999,1.6015625,0.4609375,0.2265625
11-19-2020_05-25-40,0.0693918554,-3.4289147858,9.6406822554,1.328125,0.390625,0.5390625
11-19-2020_05-25-41,0.052642097199999995,-3.4049865597999993,9.650253545799998,1.1484375,0.65625,0.328125
11-19-2020_05-25-41,0.0765703232,-3.4217363179999998,9.6574320136,1.40625,-0.0078125,0.28125
11-19-2020_05-25-41,0.0693918554,-3.4073793824,9.647860723199999,1.0078125,0.1015625,0.359375
11-19-2020_05-25-41,0.08135596839999999,-3.4073793824,9.655039190999998,1.7265625,0.0625,0.2890625
11-19-2020_05-25-41,0.0669990328,-3.4002009145999996,9.6454679006,1.6796875,0.265625,0.234375
11-19-2020_05-25-41,0.07417750059999999,-3.4289147858,9.6526463684,1.4765625,0.484375,0.390625
11-19-2020_05-25-41,0.05503491979999999,-3.409772205,9.669396126599999,1.1484375,0.6171875,0.40625
11-19-2020_05-25-41,0.0693918554,-3.4169506728,9.664610481399999,1.6015625,0.421875,0.265625
11-19-2020_05-25-41,0.0789631458,-3.409772205,9.6574320136,1.515625,0.5,0.125
11-19-2020_05-25-42,0.07178467799999999,-3.4265219632,9.6454679006,1.3515625,0.4453125,0.3046875
11-19-2020_05-25-42,0.0789631458,-3.4217363179999998,9.631110965,1.234375,0.1796875,0.4921875
11-19-2020_05-25-42,0.07178467799999999,-3.4241291405999994,9.638289432799999,1.3984375,0.125,0.3359375
11-19-2020_05-25-42,0.057427742399999995,-3.3930224467999994,9.647860723199999,0.90625,0.234375,0.3046875
11-19-2020_05-25-42,0.062213387599999996,-3.4193434953999997,9.628718142399999,1.3359375,0.0234375,0.5390625
11-19-2020_05-25-42,0.0765703232,-3.4169506728,9.6454679006,1.2578125,0.1640625,0.2578125
11-19-2020_05-25-42,0.07178467799999999,-3.4169506728,9.6406822554,1.40625,0.1015625,0.2578125
11-19-2020_05-25-42,0.0669990328,-3.4145578501999996,9.650253545799998,1.1875,0.53125,0.640625
11-19-2020_05-25-42,0.0646062102,-3.4241291405999994,9.647860723199999,1.5546875,0.15625,0.234375
11-19-2020_05-25-43,0.0693918554,-3.4241291405999994,9.6406822554,1.65625,0.2890625,0.34375
11-19-2020_05-25-43,0.08374879099999999,-3.4145578501999996,9.643075077999999,1.1875,0.296875,0.3046875
11-19-2020_05-25-43,0.0646062102,-3.4145578501999996,9.631110965,1.65625,0.484375,0.421875
11-19-2020_05-25-43,0.05982056499999999,-3.4002009145999996,9.6622176588,1.1953125,0.28125,0.15625
11-19-2020_05-25-43,0.07178467799999999,-3.4217363179999998,9.6526463684,1.5859375,0.4609375,0.390625
11-19-2020_05-25-43,0.0669990328,-3.4313076083999996,9.6263253198,1.0,0.203125,0.2578125
11-19-2020_05-25-43,0.047856451999999994,-3.4169506728,9.631110965,1.0,0.03125,0.40625
11-19-2020_05-25-43,0.0789631458,-3.409772205,9.664610481399999,1.375,0.3125,0.515625
11-19-2020_05-25-43,0.062213387599999996,-3.4289147858,9.647860723199999,1.3515625,0.1484375,0.421875
11-19-2020_05-25-44,0.062213387599999996,-3.4145578501999996,9.6406822554,1.1171875,0.359375,0.234375
11-19-2020_05-25-44,0.0789631458,-3.4265219632,9.628718142399999,1.5078125,-0.1328125,0.125
11-19-2020_05-25-44,0.0646062102,-3.4025937371999997,9.643075077999999,1.9765625,0.171875,0.203125
11-19-2020_05-25-44,0.062213387599999996,-3.4145578501999996,9.655039190999998,1.0546875,0.46875,0.3359375
11-19-2020_05-25-44,0.0646062102,-3.4217363179999998,9.638289432799999,1.796875,0.6328125,0.2265625
11-19-2020_05-25-44,0.0646062102,-3.4193434953999997,9.6239324972,1.421875,0.484375,0.4609375
11-19-2020_05-25-44,0.0693918554,-3.4169506728,9.6574320136,0.765625,0.3125,0.265625
11-19-2020_05-25-44,0.05982056499999999,-3.4313076083999996,9.650253545799998,1.7890625,0.25,0.4921875
11-19-2020_05-25-44,0.0789631458,-3.4289147858,9.631110965,1.0078125,0.375,0.0703125
11-19-2020_05-25-45,0.0765703232,-3.3954152693999995,9.631110965,1.21875,0.2734375,0.6484375
11-19-2020_05-25-45,0.07178467799999999,-3.4073793824,9.633503787599999,1.3125,0.234375,0.1796875
11-19-2020_05-25-45,0.0789631458,-3.385843979,9.633503787599999,1.4296875,0.3125,0.2578125
11-19-2020_05-25-45,0.07178467799999999,-3.409772205,9.6358966102,0.890625,0.2734375,0.4375
11-19-2020_05-25-45,0.07417750059999999,-3.409772205,9.614361206799998,1.03125,0.2734375,0.203125
11-19-2020_05-25-45,0.0646062102,-3.4002009145999996,9.650253545799998,1.4765625,0.2890625,0.359375
11-19-2020_05-25-45,0.0861416136,-3.4169506728,9.631110965,0.7109375,0.1796875,0.359375
11-19-2020_05-25-45,0.07178467799999999,-3.4241291405999994,9.6406822554,1.4453125,0.3125,0.203125
11-19-2020_05-25-45,0.062213387599999996,-3.4121650275999995,9.6717889492,1.671875,0.1953125,0.0
11-19-2020_05-25-46,0.07417750059999999,-3.4121650275999995,9.633503787599999,1.3984375,0.4140625,0.1875
11-19-2020_05-25-46,0.0646062102,-3.4169506728,9.628718142399999,1.1015625,0.359375,0.2578125
11-19-2020_05-25-46,0.07178467799999999,-3.4002009145999996,9.647860723199999,0.8359375,0.046875,0.28125
11-19-2020_05-25-46,0.07178467799999999,-3.409772205,9.638289432799999,1.40625,0.6015625,0.4140625
11-19-2020_05-25-46,0.07417750059999999,-3.4193434953999997,9.614361206799998,0.8203125,0.0234375,0.3046875
11-19-2020_05-25-46,0.0646062102,-3.4193434953999997,9.6622176588,1.0234375,0.109375,0.203125
11-19-2020_05-25-46,0.08374879099999999,-3.4121650275999995,9.647860723199999,1.1484375,0.21875,0.2265625
11-19-2020_05-25-46,0.0861416136,-3.409772205,9.650253545799998,1.234375,0.296875,0.2890625
11-19-2020_05-25-46,0.0765703232,-3.4169506728,9.633503787599999,1.1640625,0.2421875,0.4140625
11-19-2020_05-25-47,0.0669990328,-3.4193434953999997,9.650253545799998,1.421875,0.6171875,0.0703125
11-19-2020_05-25-47,0.0765703232,-3.409772205,9.643075077999999,1.5546875,0.40625,0.4453125
11-19-2020_05-25-47,0.0765703232,-3.4217363179999998,9.6263253198,0.984375,-0.015625,0.46875
11-19-2020_05-25-47,0.05982056499999999,-3.4193434953999997,9.6526463684,1.1015625,0.2421875,0.0859375
11-19-2020_05-25-47,0.0502492746,-3.4241291405999994,9.633503787599999,1.3828125,0.390625,0.265625
11-19-2020_05-25-47,0.08374879099999999,-3.4073793824,9.669396126599999,1.46875,0.3046875,0.390625
11-19-2020_05-25-47,0.0693918554,-3.4025937371999997,9.6574320136,1.359375,0.1015625,0.4609375
11-19-2020_05-25-47,0.0669990328,-3.4121650275999995,9.6598248362,1.6953125,0.515625,0.2578125
11-19-2020_05-25-47,0.0789631458,-3.4145578501999996,9.633503787599999,1.578125,0.4765625,0.28125
11-19-2020_05-25-48,0.0646062102,-3.4025937371999997,9.643075077999999,1.9765625,0.5,0.1640625
11-19-2020_05-25-48,0.07417750059999999,-3.4025937371999997,9.628718142399999,1.453125,0.3203125,0.1640625
11-19-2020_05-25-48,0.07417750059999999,-3.4025937371999997,9.647860723199999,1.6796875,0.234375,0.1875
11-19-2020_05-25-48,0.08374879099999999,-3.4241291405999994,9.638289432799999,1.5,-0.0390625,0.1015625
11-19-2020_05-25-48,0.07417750059999999,-3.409772205,9.6454679006,1.1015625,0.2578125,0.2421875
11-19-2020_05-25-48,0.062213387599999996,-3.3954152693999995,9.655039190999998,1.0703125,0.2421875,0.3671875
11-19-2020_05-25-48,0.0669990328,-3.4145578501999996,9.6454679006,0.859375,0.21875,0.4453125
11-19-2020_05-25-48,0.0789631458,-3.4193434953999997,9.6358966102,1.1875,0.375,0.2421875
11-19-2020_05-25-48,0.057427742399999995,-3.4121650275999995,9.6167540294,1.28125,0.21875,0.15625
11-19-2020_05-25-49,0.0693918554,-3.4002009145999996,9.647860723199999,1.3828125,0.234375,0.2578125
11-19-2020_05-25-49,0.07178467799999999,-3.4265219632,9.6598248362,1.046875,0.21875,0.3671875
11-19-2020_05-25-49,0.0646062102,-3.4241291405999994,9.655039190999998,1.5625,0.3125,0.34375
11-19-2020_05-25-49,0.0693918554,-3.4121650275999995,9.638289432799999,1.2109375,0.0625,0.109375
11-19-2020_05-25-49,0.07178467799999999,-3.4145578501999996,9.643075077999999,1.5390625,0.25,0.5
11-19-2020_05-25-49,0.08135596839999999,-3.4193434953999997,9.643075077999999,1.46875,0.3046875,0.2890625
11-19-2020_05-25-49,0.0765703232,-3.4025937371999997,9.647860723199999,0.9375,0.484375,0.28125
11-19-2020_05-25-49,0.07178467799999999,-3.4169506728,9.6406822554,1.3359375,0.5859375,0.1796875
11-19-2020_05-25-49,0.0646062102,-3.4073793824,9.6526463684,1.1640625,0.109375,0.1875
11-19-2020_05-25-50,0.0861416136,-3.4121650275999995,9.6358966102,1.4453125,0.1015625,0.328125
11-19-2020_05-25-50,0.07417750059999999,-3.4121650275999995,9.6454679006,1.7421875,0.4765625,0.28125
11-19-2020_05-25-50,0.0861416136,-3.4265219632,9.638289432799999,1.140625,0.3203125,0.3359375
11-19-2020_05-25-50,0.08374879099999999,-3.3906296242,9.6526463684,1.296875,-0.046875,0.2578125
11-19-2020_05-25-50,0.0646062102,-3.4193434953999997,9.6598248362,1.453125,0.453125,0.40625
11-19-2020_05-25-50,0.0693918554,-3.4169506728,9.647860723199999,1.3125,0.3203125,0.4140625
11-19-2020_05-25-50,0.08374879099999999,-3.397808092,9.643075077999999,1.6015625,0.0390625,0.4375
11-19-2020_05-25-50,0.08135596839999999,-3.397808092,9.628718142399999,1.9140625,0.2890625,0.5234375
11-19-2020_05-25-50,0.07178467799999999,-3.409772205,9.628718142399999,1.234375,0.1953125,0.2109375
11-19-2020_05-25-51,0.07417750059999999,-3.4073793824,9.633503787599999,1.0703125,0.359375,0.2890625
11-19-2020_05-25-51,0.07417750059999999,-3.4169506728,9.6406822554,1.9140625,0.2109375,0.3671875
11-19-2020_05-25-51,0.052642097199999995,-3.4121650275999995,9.650253545799998,1.28125,0.375,0.4453125
11-19-2020_05-25-51,0.0502492746,-3.3954152693999995,9.6239324972,1.3984375,0.4453125,0.5234375
11-19-2020_05-25-51,0.07178467799999999,-3.4073793824,9.638289432799999,1.375,0.125,0.203125
11-19-2020_05-25-51,0.07178467799999999,-3.4193434953999997,9.6526463684,1.0234375,0.1953125,0.59375
11-19-2020_05-25-51,0.08135596839999999,-3.4049865597999993,9.6454679006,0.9765625,0.4296875,0.1640625
11-19-2020_05-25-51,0.062213387599999996,-3.4073793824,9.631110965,1.625,0.0625,0.2890625
11-19-2020_05-25-51,0.0693918554,-3.4145578501999996,9.647860723199999,1.3515625,0.1015625,0.40625
11-19-2020_05-25-52,0.05503491979999999,-3.4121650275999995,9.6454679006,1.328125,0.390625,0.1796875
11-19-2020_05-25-52,0.07417750059999999,-3.4169506728,9.6598248362,1.4921875,0.1328125,0.4375
11-19-2020_05-25-52,0.08135596839999999,-3.4025937371999997,9.6239324972,1.46875,0.171875,0.40625
11-19-2020_05-25-52,0.0669990328,-3.4145578501999996,9.650253545799998,1.5390625,0.25,0.1484375
11-19-2020_05-25-52,0.0669990328,-3.4121650275999995,9.6239324972,0.9375,0.375,0.3046875
11-19-2020_05-25-52,0.0693918554,-3.409772205,9.6526463684,1.2578125,0.234375,0.2265625
11-19-2020_05-25-52,0.0646062102,-3.4289147858,9.619146851999998,1.703125,0.3125,0.0546875
11-19-2020_05-25-52,0.0789631458,-3.4145578501999996,9.638289432799999,0.9296875,0.203125,0.515625
11-19-2020_05-25-52,0.08135596839999999,-3.4073793824,9.6574320136,1.2421875,0.0703125,0.5390625
11-19-2020_05-25-53,0.07417750059999999,-3.4145578501999996,9.6406822554,1.234375,0.0859375,0.234375
11-19-2020_05-25-53,0.07417750059999999,-3.4169506728,9.6095755616,1.0859375,0.7421875,0.4453125
11-19-2020_05-25-53,0.08374879099999999,-3.4073793824,9.6358966102,1.3828125,0.6015625,0.3359375
11-19-2020_05-25-53,0.0693918554,-3.4025937371999997,9.664610481399999,1.3984375,0.40625,0.2421875
11-19-2020_05-25-53,0.07417750059999999,-3.4217363179999998,9.619146851999998,1.171875,0.53125,0.34375
11-19-2020_05-25-53,0.0789631458,-3.4002009145999996,9.655039190999998,1.3125,0.03125,0.2421875
11-19-2020_05-25-53,0.0861416136,-3.4073793824,9.647860723199999,1.9765625,0.0625,0.484375
11-19-2020_05-25-53,0.08374879099999999,-3.4193434953999997,9.6526463684,1.609375,0.3125,0.3046875
11-19-2020_05-25-53,0.0669990328,-3.409772205,9.631110965,1.796875,0.65625,0.34375
11-19-2020_05-25-54,0.0765703232,-3.3930224467999994,9.6239324972,1.28125,0.375,0.4453125
11-19-2020_05-25-54,0.07178467799999999,-3.397808092,9.6454679006,1.3125,0.28125,0.328125
11-19-2020_05-25-54,0.07417750059999999,-3.4193434953999997,9.638289432799999,1.3984375,0.0859375,0.1875
11-19-2020_05-25-54,0.09332008139999999,-3.409772205,9.631110965,1.515625,0.3671875,0.46875
11-19-2020_05-25-54,0.0861416136,-3.4121650275999995,9.643075077999999,1.21875,0.1953125,0.3046875
11-19-2020_05-25-54,0.07417750059999999,-3.4169506728,9.6526463684,1.7265625,0.15625,0.1875
11-19-2020_05-25-54,0.05982056499999999,-3.4025937371999997,9.643075077999999,1.5234375,0.7265625,0.46875
11-19-2020_05-25-54,0.062213387599999996,-3.4169506728,9.633503787599999,1.1640625,0.203125,0.3125
11-19-2020_05-25-54,0.0669990328,-3.4145578501999996,9.643075077999999,1.125,0.234375,0.46875
11-19-2020_05-25-55,0.0669990328,-3.397808092,9.611968384199999,1.4453125,0.046875,0.28125
11-19-2020_05-25-55,0.0669990328,-3.4169506728,9.650253545799998,1.328125,-0.046875,0.28125
11-19-2020_05-25-55,0.09571290399999999,-3.4049865597999993,9.6239324972,1.2421875,0.484375,0.2265625
11-19-2020_05-25-55,0.05982056499999999,-3.4217363179999998,9.638289432799999,1.7421875,0.4453125,0.5234375
11-19-2020_05-25-55,0.0646062102,-3.4193434953999997,9.647860723199999,1.53125,0.1640625,-0.0078125
11-19-2020_05-25-55,0.08135596839999999,-3.4025937371999997,9.631110965,1.7890625,0.5,0.328125
11-19-2020_05-25-55,0.062213387599999996,-3.4073793824,9.633503787599999,1.2421875,0.1640625,0.3359375
11-19-2020_05-25-55,0.0765703232,-3.4193434953999997,9.631110965,1.2890625,0.5703125,0.3046875
11-19-2020_05-25-55,0.0646062102,-3.4121650275999995,9.6358966102,1.6015625,-0.1328125,0.5703125
11-19-2020_05-25-56,0.05982056499999999,-3.4193434953999997,9.6167540294,1.0234375,0.2578125,0.3828125
11-19-2020_05-25-56,0.07178467799999999,-3.4169506728,9.6454679006,0.9140625,0.40625,0.4609375
11-19-2020_05-25-56,0.0646062102,-3.4169506728,9.647860723199999,1.3046875,0.203125,0.515625
11-19-2020_05-25-56,0.07417750059999999,-3.4002009145999996,9.631110965,1.4453125,0.09375,-0.03125
11-19-2020_05-25-56,0.07417750059999999,-3.3930224467999994,9.6358966102,1.0546875,0.6015625,0.34375
11-19-2020_05-25-56,0.07417750059999999,-3.4169506728,9.6454679006,1.2109375,0.5859375,0.2578125
11-19-2020_05-25-56,0.0885344362,-3.3930224467999994,9.6454679006,1.265625,0.3125,0.2890625
11-19-2020_05-25-56,0.0765703232,-3.4025937371999997,9.647860723199999,1.4921875,0.5625,0.2265625
11-19-2020_05-25-56,0.07417750059999999,-3.4193434953999997,9.633503787599999,1.2578125,0.390625,0.1328125
11-19-2020_05-25-57,0.0765703232,-3.4265219632,9.643075077999999,0.859375,0.1484375,0.15625
11-19-2020_05-25-57,0.08135596839999999,-3.4145578501999996,9.6167540294,1.328125,0.5859375,0.2578125
11-19-2020_05-25-57,0.0789631458,-3.4193434953999997,9.6406822554,1.515625,0.5234375,0.203125
11-19-2020_05-25-57,0.07417750059999999,-3.4169506728,9.628718142399999,1.140625,0.5078125,0.34375
11-19-2020_05-25-57,0.0669990328,-3.4121650275999995,9.631110965,1.359375,0.2578125,0.1484375
11-19-2020_05-25-57,0.05982056499999999,-3.4121650275999995,9.633503787599999,1.3984375,0.1796875,0.3125
11-19-2020_05-25-57,0.0646062102,-3.397808092,9.628718142399999,1.0,0.140625,0.5
11-19-2020_05-25-57,0.07417750059999999,-3.4217363179999998,9.628718142399999,1.9296875,0.0625,0.28125
11-19-2020_05-25-57,0.05503491979999999,-3.3954152693999995,9.631110965,1.3984375,0.46875,0.3046875
11-19-2020_05-25-58,0.0693918554,-3.4145578501999996,9.650253545799998,1.03125,0.3203125,0.484375
11-19-2020_05-25-58,0.062213387599999996,-3.4145578501999996,9.6263253198,0.7421875,0.078125,-0.0703125
11-19-2020_05-25-58,0.0693918554,-3.4145578501999996,9.643075077999999,0.953125,0.2578125,0.1640625
11-19-2020_05-25-58,0.0693918554,-3.4073793824,9.633503787599999,1.2890625,0.4921875,0.234375
11-19-2020_05-25-58,0.0765703232,-3.4217363179999998,9.6215396746,1.4921875,0.0390625,0.625
11-19-2020_05-25-58,0.062213387599999996,-3.4073793824,9.655039190999998,1.5859375,0.2890625,0.328125
11-19-2020_05-25-58,0.07178467799999999,-3.409772205,9.655039190999998,1.375,0.140625,0.1484375
11-19-2020_05-25-58,0.0646062102,-3.409772205,9.6239324972,1.421875,0.453125,0.3125
11-19-2020_05-25-58,0.0693918554,-3.4121650275999995,9.6406822554,1.71875,0.140625,0.390625
11-19-2020_05-25-59,0.08135596839999999,-3.4193434953999997,9.6454679006,1.46875,0.3515625,0.3671875
11-19-2020_05-25-59,0.0693918554,-3.4002009145999996,9.631110965,1.2890625,0.546875,0.3046875
11-19-2020_05-25-59,0.08135596839999999,-3.4002009145999996,9.633503787599999,1.234375,0.375,0.125
11-19-2020_05-25-59,0.052642097199999995,-3.4145578501999996,9.614361206799998,1.625,0.0,0.28125
11-19-2020_05-25-59,0.07178467799999999,-3.4169506728,9.6454679006,1.5078125,0.3515625,0.078125
11-19-2020_05-25-59,0.08135596839999999,-3.4193434953999997,9.628718142399999,1.3984375,0.3515625,0.359375
11-19-2020_05-25-59,0.0789631458,-3.4049865597999993,9.6358966102,1.1640625,0.2578125,0.3359375
11-19-2020_05-25-59,0.07417750059999999,-3.4217363179999998,9.633503787599999,1.6796875,0.1875,0.359375
11-19-2020_05-25-59,0.07178467799999999,-3.4145578501999996,9.6358966102,1.3359375,0.375,0.15625
11-19-2020_05-26-00,0.08135596839999999,-3.4002009145999996,9.6263253198,1.28125,0.3203125,0.328125
11-19-2020_05-26-00,0.0693918554,-3.3954152693999995,9.647860723199999,1.5078125,0.3515625,0.1796875
11-19-2020_05-26-00,0.0693918554,-3.4289147858,9.6263253198,1.421875,0.2578125,0.2421875
11-19-2020_05-26-00,0.07178467799999999,-3.4073793824,9.6215396746,1.4453125,0.359375,0.2578125
11-19-2020_05-26-00,0.0693918554,-3.4145578501999996,9.6406822554,1.4921875,0.578125,0.3046875
11-19-2020_05-26-00,0.08374879099999999,-3.4049865597999993,9.631110965,1.71875,0.5234375,0.4609375
11-19-2020_05-26-00,0.0502492746,-3.4121650275999995,9.6406822554,1.328125,0.1796875,0.1875
                                                                                                                                                                                                                                                                                                                                                                                                                                                                                                                                                                                                                                                                                                                                                                                                                                                                                                                                                                                                                                                                                                                                                                                                                                                                                                                                                                                                                                                                                                                                                                                                                                                                                                                                                                                                                                                                                                                                                                                                                                                                                                                                                                                                                                                                                                                                                                                                                                                                                                                                                                                                                                                                                                                                                                                                                                                                                                                                                                                                                                                                                                                                                                                                                                                                                                                                                                                                                                                                                                                                                                                                                                                                                                                                                                                                           